杭州,2012-1-1,多云转晴,8℃～1℃,东风微风
杭州,2012-1-2,多云,10℃,东风微风
杭州,2012-1-3,阴,7℃～0℃,北风微风
杭州,2012-1-4,多云,4℃～-1℃,北风微风
杭州,2012-1-5,阴转小雨,5℃～0℃,东风微风级
杭州,2012-1-6,小雨,5℃～2℃,东北风微风级
杭州,2012-1-7,阴,6℃～4℃,东北风微风级
杭州,2012-1-8,小雨,7℃～4℃,东北风微风级
杭州,2012-1-9,小雨,7℃～3℃,东北风微风级
杭州,2012-1-10,小雨,6℃～2℃,北风微风级
杭州,2012-1-11,小雨转阴,7℃～3℃,北风微风级
杭州,2012-1-14,中到大雨,8℃～4℃,东北风微风
杭州,2012-1-15,小到中雨转小雨,7℃～3℃,东风微风
杭州,2012-1-16,小雨转阴,6℃～4℃,无持续风向微风
杭州,2012-1-17,阴,8℃～4℃,无持续风向微风
杭州,2012-1-18,小到中雨转中雨,7℃～5℃,东北风微风
杭州,2012-1-19,中雨,7℃～4℃,东北风微风
杭州,2012-1-20,阴转小雨,7℃～1℃,北风微风/北风3-4级
杭州,2012-1-21,雨夹雪转中到大雪,5℃～-1℃,北风3-4级
杭州,2012-1-22,中到大雪转小雪,2℃～-2℃,北风微风
杭州,2012-1-23,阴转小雪,3℃～-2℃,北风微风
杭州,2012-1-24,小雪转阴,2℃～-2℃,北风微风
杭州,2012-1-25,多云,3℃～-3℃,北风微风
杭州,2012-1-26,多云,4℃～-2℃,北风微风
杭州,2012-1-27,多云,6℃,北风微风
杭州,2012-1-28,小雨,4℃,东北风微风
杭州,2012-1-29,小雨转阴,6℃～2℃,东北风微风/无持续风向微风
杭州,2012-1-30,阴转多云,4℃～0℃,无持续风向微风/北风微风
杭州,2012-1-31,晴转多云,5℃～1℃,北风微风
杭州,2012-2-1,阴,7℃～1℃,北风3-4级
杭州,2012-2-2,多云,5℃～1℃,北风微风
杭州,2012-2-3,多云,6℃～3℃,北风微风
杭州,2012-2-4,多云转小雨,7℃～3℃,东北风微风
杭州,2012-2-5,阴转小雨,8℃～2℃,东北风微风
杭州,2012-2-6,中雨转小雨,6℃～0℃,北风3-4级
杭州,2012-2-7,多云,4℃～-1℃,北风微风
杭州,2012-2-8,晴,-2℃,东风微风
杭州,2012-2-9,多云转小雨,7℃～1℃,东风微风/东北风微风
杭州,2012-2-10,小雨,4℃～2℃,无持续风向微风
杭州,2012-2-11,阴转小雨,6℃～4℃,无持续风向微风
杭州,2012-2-12,小雨,4℃,东南风微风
杭州,2012-2-13,小雨,10℃～5℃,东北风微风
杭州,2012-2-14,中雨,8℃～4℃,东北风微风
杭州,2012-2-15,小雨,6℃～2℃,北风3-4级
杭州,2012-2-16,阴转多云,5℃～0℃,北风3-4级/北风微风
杭州,2012-2-17,多云,5℃～-1℃,东北风微风
杭州,2012-2-18,阴转多云,6℃～0℃,东北风微风
杭州,2012-2-19,多云,7℃,东北风微风
杭州,2012-2-20,小雨,5℃,东北风微风
杭州,2012-2-21,中雨,7℃,东风微风
杭州,2012-2-22,大雨转中雨,13℃～8℃,东风微风
杭州,2012-2-23,小雨,11℃～6℃,东风微风/东北风微风
杭州,2012-2-24,阴,7℃～3℃,东北风微风级
杭州,2012-2-25,阴转小雨,6℃～2℃,东风微风级
杭州,2012-2-26,阴转小雨,5℃～1℃,东风微风级
杭州,2012-2-27,小雨,6℃～2℃,北风微风
杭州,2012-2-28,小雨转阴,6℃～3℃,东北风3～4级
杭州,2012-2-29,小雨,5℃,无持续风向微风
杭州,2012-3-1,中雨,9℃～6℃,无持续风向微风
杭州,2012-3-2,大雨转中雨,8℃～4℃,无持续风向微风
杭州,2012-3-3,中雨,8℃～6℃,东北风微风级
杭州,2012-3-4,中雨-大雨,9℃～6℃,北风微风级
杭州,2012-3-5,中雨转小雨,9℃～5℃,北风微风级
杭州,2012-3-6,阴转小雨,12℃～5℃,北风微风级
杭州,2012-3-7,中雨,7℃～4℃,东北风微风级
杭州,2012-3-8,大雨转中雨,6℃～3℃,东北风微风级
杭州,2012-3-9,中雨转小雨,5℃～2℃,东北风微风级
杭州,2012-3-10,阴转多云,9℃～3℃,东北风微风级
杭州,2012-3-11,多云,10℃～4℃,东北风微风级
杭州,2012-3-12,晴转多云,12℃～4℃,东北风3～4级
杭州,2012-3-13,多云,13℃～8℃,东风微风级
杭州,2012-3-14,多云转阵雨,16℃～7℃,东南风微风级
杭州,2012-3-15,阵雨,16℃～8℃,东南风微风级
杭州,2012-3-16,阵雨转小雨,18℃～10℃,东南风微风级
杭州,2012-3-17,中雨转阵雨,16℃～8℃,东风微风级
杭州,2012-3-18,阴转阵雨,14℃～7℃,东风微风级
杭州,2012-3-19,中雨转小雨,14℃～10℃,东北风微风级
杭州,2012-3-20,小雨转阴,10℃～6℃,东北风微风级
杭州,2012-3-21,多云,16℃～9℃,东北风微风级
杭州,2012-3-22,阵雨转大雨,22℃～8℃,东南风微风级
杭州,2012-3-23,中雨转阴,12℃～4℃,北风4～5级
杭州,2012-3-24,多云转晴,13℃～5℃,北风微风级
杭州,2012-3-25,晴转多云,16℃～6℃,东风微风级
杭州,2012-3-26,晴,24℃～11℃,南风微风级
杭州,2012-3-27,晴,23℃～13℃,南风微风级
杭州,2012-3-28,晴转多云,26℃～13℃,东风微风级
杭州,2012-3-29,阵雨,23℃～11℃,东风微风级
杭州,2012-3-30,大雨转小雨,17℃～8℃,北风4～5级
杭州,2012-3-31,多云,20℃～8℃,北风微风级
杭州,2012-4-1,晴,25℃～11℃,微风
杭州,2012-4-2,多云转阵雨,26℃～10℃,微风
杭州,2012-4-3,多云转晴,20℃～11℃,北风4～5级
杭州,2012-4-4,阵雨,20℃～10℃,微风
杭州,2012-4-5,多云转晴,24℃～11℃,东风微风级
杭州,2012-4-6,多云,26℃～12℃,微风
杭州,2012-4-7,多云,25℃～12℃,东风微风级
杭州,2012-4-8,阴转阵雨,26℃～12℃,南风微风级
杭州,2012-4-9,阵雨,22℃～14℃,南风3～4级
杭州,2012-4-10,中雨转小雨-中雨,26℃～15℃,南风微风级
杭州,2012-4-11,阴转多云,25℃～12℃,微风
杭州,2012-4-12,雷阵雨转中雨,26℃～13℃,南风微风级
杭州,2012-4-13,阵雨转多云,22℃～12℃,东北风微风级
杭州,2012-4-14,阵雨,21℃～13℃,东风微风级
杭州,2012-4-15,阵雨,19℃～12℃,东风微风级
杭州,2012-4-16,多云,22℃～11℃,东北风微风级
杭州,2012-4-17,多云转阵雨,24℃～14℃,东风微风级
杭州,2012-4-18,阵雨转小雨-中雨,21℃～14℃,东风微风级
杭州,2012-4-19,阴转多云,23℃～14℃,微风
杭州,2012-4-20,阵雨转中雨,24℃～15℃,东风微风级
杭州,2012-4-21,多云,22℃～15℃,西北风微风
杭州,2012-4-22,晴,28℃～16℃,南风微风级
杭州,2012-4-23,多云,18℃,南风4-5级
杭州,2012-4-24,雷阵雨转中雨-大雨,27℃～16℃,南风3～4级
杭州,2012-4-25,多云,16℃,西北风微风
杭州,2012-4-26,多云转晴,26℃～15℃,东风微风级
杭州,2012-4-27,晴转多云,29℃～16℃,微风
杭州,2012-4-28,雷阵雨转中雨,29℃～19℃,东南风微风级
杭州,2012-4-29,阵雨转雷阵雨,25℃～18℃,南风微风
杭州,2012-4-30,暴雨,18℃,东北风微风
杭州,2012-5-1,小雨转阴,24℃～16℃,东北风微风级
杭州,2012-5-2,阴转多云,26℃～17℃,无持续风向微风
杭州,2012-5-3,多云转阴,28℃～19℃,东风微风级
杭州,2012-5-4,多云,19℃,东南风微风
杭州,2012-5-5,晴,31℃～18℃,西南风微风级
杭州,2012-5-6,晴,33℃～19℃,南风微风
杭州,2012-5-7,大雨,20℃,南风3-4级
杭州,2012-5-8,中雨转多云,28℃～19℃,南风微风级
杭州,2012-5-9,阴转多云,28℃～17℃,东北风微风级
杭州,2012-5-10,多云,28℃～17℃,东北风微风级
杭州,2012-5-11,多云,29℃～18℃,东南风微风级
杭州,2012-5-12,阵雨转暴雨,30℃～20℃,东南风微风级
杭州,2012-5-13,阵雨,24℃～18℃,北风3～4级
杭州,2012-5-14,阵雨,24℃～18℃,北风微风级
杭州,2012-5-15,阴转多云,27℃～18℃,东风微风
杭州,2012-5-16,多云转阴,29℃～20℃,东风微风级
杭州,2012-5-17,晴转多云,30℃～20℃,南风微风
杭州,2012-5-18,多云转阵雨,30℃～20℃,东风微风级
杭州,2012-5-19,中雨-大雨转阵雨,23℃～18℃,东北风微风级
杭州,2012-5-20,阵雨转阴,22℃～17℃,东北风微风级
杭州,2012-5-21,多云,25℃～17℃,东风微风级
杭州,2012-5-22,晴转多云,28℃～17℃,东风微风级
杭州,2012-5-23,阵雨,25℃～19℃,东风微风级
杭州,2012-5-24,小雨-中雨转中雨,23℃～19℃,东风微风级
杭州,2012-5-25,阵雨转小雨,22℃～18℃,北风微风级
杭州,2012-5-26,小雨转阴,24℃～18℃,东北风微风级
杭州,2012-5-27,多云,28℃～18℃,微风
杭州,2012-5-28,多云,29℃～19℃,东风微风级
杭州,2012-5-29,暴雨,20℃,东北风3-4级
杭州,2012-5-30,中雨转阴,21℃～17℃,东北风微风级
杭州,2012-5-31,多云,24℃～18℃,东北风微风级
杭州,2012-6-1,阵雨转中雨,24℃～19℃,东南风微风级
杭州,2012-6-2,阴转多云,25℃～19℃,东风微风级
杭州,2012-6-3,多云,26℃～18℃,东风微风级
杭州,2012-6-4,小雨,26℃～20℃,微风
杭州,2012-6-5,阴转阵雨,28℃～21℃,东风微风级
杭州,2012-6-6,阵雨,28℃～22℃,东南风微风级
杭州,2012-6-7,阵雨,27℃～23℃,南风微风级
杭州,2012-6-8,阵雨转多云,31℃～23℃,南风微风级
杭州,2012-6-9,阴转阵雨,32℃～24℃,南风微风级
杭州,2012-6-10,阴转雷阵雨,31℃～24℃,东风微风级
杭州,2012-6-11,阵雨转阴,27℃～22℃,东北风微风级
杭州,2012-6-12,多云转阴,30℃～23℃,东风微风级
杭州,2012-6-13,多云,23℃,东风微风
杭州,2012-6-14,多云转阵雨,33℃～22℃,东风微风级
杭州,2012-6-15,多云,31℃～22℃,东风微风级
杭州,2012-6-16,多云转阵雨,31℃～23℃,东风微风级
杭州,2012-6-17,阵雨,29℃～23℃,东风微风级
杭州,2012-6-18,大雨-暴雨转小雨-中雨,24℃～21℃,东风微风级
杭州,2012-6-19,阴,28℃～21℃,东北风微风级
杭州,2012-6-20,多云转阴,28℃～22℃,微风
杭州,2012-6-21,阴转多云,29℃～23℃,东风微风级
杭州,2012-6-22,小雨-中雨转大雨-暴雨,29℃～20℃,东风微风级
杭州,2012-6-23,大雨-暴雨转大雨,23℃～21℃,东风微风级
杭州,2012-6-24,阵雨,27℃～23℃,西南风微风级
杭州,2012-6-25,阵雨转中雨,31℃～24℃,东南风微风级
杭州,2012-6-26,大雨-暴雨转暴雨,27℃～23℃,东风微风级
杭州,2012-6-27,大雨-暴雨转阵雨,27℃～23℃,东风微风级
杭州,2012-6-28,阵雨转阴,28℃～24℃,东风微风级
杭州,2012-6-29,多云,33℃～26℃,东南风微风级
杭州,2012-6-30,雷阵雨转多云,34℃～26℃,南风微风级
杭州,2012-7-1,雷阵雨转晴,34℃～26℃,东风微风级
杭州,2012-7-2,多云转晴,36℃～26℃,南风微风级
杭州,2012-7-3,多云,37℃～28℃,西南风微风级
杭州,2012-7-4,晴转多云,37℃～28℃,西南风微风级
杭州,2012-7-5,晴,39℃～29℃,南风微风级
杭州,2012-7-6,晴转多云,38℃～29℃,微风
杭州,2012-7-7,雷阵雨转多云,36℃～28℃,南风微风级
杭州,2012-7-8,雷阵雨转多云,36℃～27℃,南风微风级
杭州,2012-7-9,多云,37℃～28℃,南风微风级
杭州,2012-7-10,多云,37℃～28℃,微风
杭州,2012-7-11,雷阵雨转多云,37℃～27℃,微风
杭州,2012-7-12,多云,36℃～29℃,南风微风级
杭州,2012-7-13,雷阵雨,35℃～26℃,南风微风级
杭州,2012-7-14,暴雨,25℃,无持续风向微风
杭州,2012-7-15,阴转阵雨,30℃～25℃,微风
杭州,2012-7-16,阵雨,29℃～25℃,东北风微风级
杭州,2012-7-17,阵雨转大雨,31℃～25℃,东北风微风级
杭州,2012-7-18,阴,25℃,无持续风向微风
杭州,2012-7-19,雷阵雨转多云,32℃～27℃,北风微风级
杭州,2012-7-20,中雨转多云,35℃～26℃,南风微风级
杭州,2012-7-21,晴,26℃,无持续风向微风
杭州,2012-7-22,多云转晴,36℃～28℃,微风
杭州,2012-7-23,晴,37℃～27℃,东南风微风级
杭州,2012-7-24,多云转晴,36℃～28℃,微风
杭州,2012-7-25,晴,26℃,东南风微风
杭州,2012-7-26,多云,36℃～27℃,东南风微风级
杭州,2012-7-27,多云转晴,36℃～27℃,东南风微风级
杭州,2012-7-28,晴,36℃～27℃,东南风微风级
杭州,2012-7-29,多云转晴,37℃～28℃,东南风微风级
杭州,2012-7-30,晴,38℃～28℃,东南风微风级
杭州,2012-7-31,多云,27℃,东北风3-4级
杭州,2012-8-1,阵雨转中雨,33℃～26℃,东北风3～4级
杭州,2012-8-2,中雨转大雨-暴雨,31℃～26℃,东北风5～6级
杭州,2012-8-3,阵雨,27℃,东北风微风
杭州,2012-8-4,多云,33℃～26℃,东风微风级
杭州,2012-8-5,雷阵雨转多云,33℃～26℃,东北风微风级
杭州,2012-8-6,阵雨,26℃,无持续风向微风
杭州,2012-8-7,大雨-暴雨转暴雨,30℃～25℃,北风6～7级
杭州,2012-8-8,暴雨转大雨,28℃～24℃,东北风7～8级
杭州,2012-8-9,小雨-中雨转中雨,33℃～25℃,东南风4～5级
杭州,2012-8-10,中雨,34℃～27℃,微风
杭州,2012-8-11,中雨转阵雨,34℃～26℃,东南风微风级
杭州,2012-8-12,雷阵雨转多云,35℃～26℃,南风微风级
杭州,2012-8-13,雷阵雨转多云,35℃～27℃,南风微风级
杭州,2012-8-14,多云,28℃,无持续风向微风
杭州,2012-8-15,晴转雷阵雨,38℃～29℃,微风
杭州,2012-8-16,晴转多云,37℃～28℃,东南风微风级
杭州,2012-8-17,晴,37℃～28℃,东风微风级
杭州,2012-8-18,多云,36℃～28℃,东南风微风级
杭州,2012-8-19,雷阵雨转多云,36℃～26℃,东南风微风级
杭州,2012-8-20,雷阵雨转多云,35℃～26℃,东南风微风级
杭州,2012-8-21,雷阵雨,25℃,无持续风向微风
杭州,2012-8-22,阵雨,29℃～25℃,北风微风级
杭州,2012-8-23,阵雨,28℃～21℃,北风3～4级
杭州,2012-8-24,阵雨转多云,29℃～24℃,北风微风级
杭州,2012-8-25,阵雨,25℃,东北风3-4级
杭州,2012-8-26,阵雨,31℃～25℃,东北风3～4级
杭州,2012-8-27,小雨-中雨转阵雨,30℃～25℃,北风5～6级
杭州,2012-8-28,多云转阵雨,33℃～25℃,北风微风级
杭州,2012-8-29,多云,32℃～25℃,北风微风级
杭州,2012-8-30,多云,25℃,东北风微风
杭州,2012-8-31,多云,35℃～25℃,东风微风级
杭州,2012-9-1,多云,33℃～25℃,东风微风级
杭州,2012-9-2,多云,33℃～23℃,东风微风级
杭州,2012-9-3,大雨转中雨,29℃～23℃,东南风微风级
杭州,2012-9-4,小雨-中雨转阵雨,24℃～17℃,北风微风级
杭州,2012-9-5,阵雨转阴,23℃～19℃,西南风微风级
杭州,2012-9-6,阴转阵雨,27℃～23℃,东风微风级
杭州,2012-9-7,阵雨转阴,29℃～24℃,东风微风级
杭州,2012-9-8,多云,31℃～24℃,东北风微风级
杭州,2012-9-9,中雨转阵雨,28℃～21℃,东北风3～4级
杭州,2012-9-10,阴,26℃～23℃,东北风微风级
杭州,2012-9-11,多云,30℃～24℃,东风微风级
杭州,2012-9-12,雷阵雨转中雨,32℃～19℃,南风微风级
杭州,2012-9-13,小雨-中雨转小雨,23℃～17℃,北风微风级
杭州,2012-9-14,阴转多云,24℃～17℃,北风微风级
杭州,2012-9-15,晴转多云,25℃～18℃,东北风微风级
杭州,2012-9-16,多云,26℃～18℃,北风3～4级
杭州,2012-9-17,晴,18℃,西北风微风
杭州,2012-9-18,晴转多云,28℃～17℃,西北风微风级
杭州,2012-9-19,多云,28C～19C,东北风微风级
杭州,2012-9-20,多云,29C～19C,东风微风级
杭州,2012-9-21,多云转阵雨,26C～20C,东南风微风级
杭州,2012-9-22,小雨转中雨,24C～20C,东南风微风级
杭州,2012-9-23,小雨转阴,25C～18C,微风
杭州,2012-9-24,多云,27C～19C,东风微风
杭州,2012-9-25,多云,28C～19C,东风微风级
杭州,2012-9-26,多云,27C～20C,东风微风级
杭州,2012-9-27,多云,28C～21C,北风微风级
杭州,2012-9-28,多云转阴,27C～14C,北风微风级
杭州,2012-9-29,晴,24C～13C,北风4～5级
杭州,2012-9-30,晴,25C～13C,东北风微风级
杭州,2012-10-1,晴,26C～13C,北风微风级
杭州,2012-10-2,晴,26C～15C,南风微风级
杭州,2012-10-3,晴转多云,26C～15C,东南风微风级
杭州,2012-10-4,晴,26C～16C,东北风微风级
杭州,2012-10-5,多云转小雨,26C～19C,东风微风级
杭州,2012-10-6,多云,26C～17C,东北风微风
杭州,2012-10-7,多云,26C～18C,东北风微风级
杭州,2012-10-8,多云,26C～18C,东风微风级
杭州,2012-10-9,晴,17C,无持续风向微风
杭州,2012-10-10,晴转多云,27C～16C,北风微风级
杭州,2012-10-11,多云转晴,25C～14C,东北风微风级
杭州,2012-10-12,多云,16C,东风微风
杭州,2012-10-13,多云转阴,25C～19C,东风微风级
杭州,2012-10-14,阴,24C～19C,东风微风级
杭州,2012-10-15,多云,25C～18C,东风微风
杭州,2012-10-16,多云转小雨,27C～15C,东风微风级
杭州,2012-10-17,阴转晴,22C～11C,北风3～4级
杭州,2012-10-18,晴,21C～11C,北风微风级
杭州,2012-10-19,晴转多云,24C～15C,东南风微风级
杭州,2012-10-20,多云,26C～18C,东南风微风级
杭州,2012-10-21,多云转小雨,29C～17C,东风微风级
杭州,2012-10-22,多云,12C,北风4-5级
杭州,2012-10-23,多云转晴,22C～12C,东风微风级
杭州,2012-10-24,多云转阴,24C～15C,东南风微风级
杭州,2012-10-25,多云,17C,无持续风向微风
杭州,2012-10-26,多云,28C～19C,东风微风级
杭州,2012-10-27,阴转多云,25C～17C,东北风微风级
杭州,2012-10-28,多云,23C～17C,东北风微风级
杭州,2012-10-29,中雨,14C,北风4-5级
杭州,2012-10-30,小雨转阴,18C～10C,北风3～4级
杭州,2012-10-31,阴转多云,17C～9C,北风微风级
杭州,2012-11-1,晴转多云,19C～10C,东北风微风级
杭州,2012-11-2,多云,20C～12C,东风微风级
杭州,2012-11-3,中雨,11C,北风4-5级
杭州,2012-11-4,多云转晴,19C～8C,北风3～4级
杭州,2012-11-5,晴,18C～7C,北风3～4级
杭州,2012-11-6,晴,18C～7C,北风微风级
杭州,2012-11-7,晴转小雨,18C～10C,东南风微风级
杭州,2012-11-8,小雨转中雨,16C～10C,东南风微风级
杭州,2012-11-9,阵雨转中雨,16C～13C,东风微风级
杭州,2012-11-10,小雨转阴,17C～9C,西南风微风级
杭州,2012-11-11,多云转晴,15C～5C,西北风4～5级
杭州,2012-11-12,晴,18C～6C,西北风微风级
杭州,2012-11-13,晴,19C～7C,西北风微风级
杭州,2012-11-14,晴转多云,16C～7C,北风3～4级
杭州,2012-11-15,多云转小雨,16C～11C,东北风微风级
杭州,2012-11-16,小雨,9C,西北风3-4级
杭州,2012-11-17,多云转晴,15C～5C,东北风微风级
杭州,2012-11-18,晴,17C～5C,东南风微风级
杭州,2012-11-19,晴,18C～8C,东南风微风级
杭州,2012-11-20,小雨,11C,无持续风向微风
杭州,2012-11-21,小雨-中雨转小雨,14C～12C,微风
杭州,2012-11-22,中雨转阴,16C～6C,东北风微风级
杭州,2012-11-23,阴,5C,无持续风向微风
杭州,2012-11-24,多云转小雨,12C～8C,东北风微风级
杭州,2012-11-25,小雨-中雨转小雨,14C～8C,西南风微风级
杭州,2012-11-26,多云,10C～3C,北风4～5级
杭州,2012-11-27,阴,7C,东北风微风
杭州,2012-11-28,小雨,13C～8C,东南风微风级
杭州,2012-11-29,阴转小雨,13C～9C,北风3～4级
杭州,2012-11-30,小雨,13C～9C,北风微风级
杭州,2012-12-1,中雨,11C～8C,东北风微风级
杭州,2012-12-2,小雨转阴,12C～5C,东北风3～4级
杭州,2012-12-3,多云转晴,14C～2C,西北风微风级
杭州,2012-12-4,晴转阴,11C～5C,东风微风级
杭州,2012-12-5,多云转晴,13C～2C,北风4～5级
杭州,2012-12-6,晴,3C,东风微风
杭州,2012-12-7,晴,16C～4C,东南风微风级
杭州,2012-12-8,晴转多云,13C～1C,北风微风级
杭州,2012-12-9,晴,9C～0C,东北风3～4级
杭州,2012-12-10,多云转小雨,7C～3C,东北风微风级
杭州,2012-12-11,多云,9C～4C,东北风微风级
杭州,2012-12-12,多云转阴,10C～6C,东风微风级
杭州,2012-12-13,小雨,10C,南风微风
杭州,2012-12-14,小雨转中雨,18C～12C,西南风微风级
杭州,2012-12-15,小雨,10C～7C,东北风微风级
杭州,2012-12-16,小雨,10C～6C,北风微风级
杭州,2012-12-17,小雨转雨夹雪,9C～2C,北风3～4级
杭州,2012-12-18,小雨转多云,6C～-1C,北风3～4级
杭州,2012-12-19,多云,2C,东北风微风
杭州,2012-12-20,中雨,5C,东风微风
杭州,2012-12-21,小雨,9C～4C,东北风微风级
杭州,2012-12-22,小雨转阴,6C～0C,北风3～4级
杭州,2012-12-23,多云转晴,5C～-3C,北风3～4级
杭州,2012-12-24,晴,-1C,东北风微风
杭州,2012-12-25,多云转小雨,10C～3C,东北风微风级
杭州,2012-12-26,小雨,6C～4C,东北风微风级
杭州,2012-12-27,中雨,8C～5C,东北风微风级
杭州,2012-12-28,阴,9C～6C,北风微风级
杭州,2012-12-29,雨夹雪转中雪,7C～-3C,北风4～5级
杭州,2012-12-30,多云转晴,1C～-4C,西北风4～5级
杭州,2012-12-31,晴,5C～-1C,东北风微风级
杭州,2013-1-1,多云,0C,东南风微风
杭州,2013-1-2,多云转阴,7C～0C,东北风3～4级
杭州,2013-1-3,小雪,1C～-2C,北风3～4级
杭州,2013-1-4,中雪转大雪,0C～-2C,东北风微风级
杭州,2013-1-5,小雪转雨夹雪,2C～-1C,北风微风级
杭州,2013-1-6,雨夹雪转阴,2C～0C,东北风微风级
杭州,2013-1-7,小雨,4C～0C,东北风微风级
杭州,2013-1-8,阴,4C～1C,北风微风级
杭州,2013-1-9,雨夹雪,4C～1C,东北风微风级
杭州,2013-1-10,多云,8C～2C,东北风微风
杭州,2013-1-11,多云转阴,8C～2C,北风微风级
杭州,2013-1-12,多云转大雨,9C～4C,东北风微风级
杭州,2013-1-13,阴,3C,无持续风向微风
杭州,2013-1-14,多云,9C～2C,东北风微风级
杭州,2013-1-15,阴,11C～2C,东北风微风级
杭州,2013-1-16,多云,9C～2C,北风微风级
杭州,2013-1-17,多云转晴,5C～-3C,北风3～4级
杭州,2013-1-18,晴,6C～-1C,东风微风级
杭州,2013-1-19,晴转多云,10C～4C,东南风微风级
杭州,2013-1-20,多云转阴,12C～8C,东南风微风级
杭州,2013-1-21,小雨,10C～4C,东北风微风级
杭州,2013-1-22,阴,7C～2C,北风3～4级
杭州,2013-1-23,多云,10C～4C,北风微风级
杭州,2013-1-24,多云,13C～1C,北风3～4级
杭州,2013-1-25,晴,3C,无持续风向微风
杭州,2013-1-26,多云转晴,13C～1C,东北风微风级
杭州,2013-1-27,阴转晴,9C～1C,东北风微风级
杭州,2013-1-28,晴转阴,13C～6C,东南风微风级
杭州,2013-1-29,多云,7C,东南风微风
杭州,2013-1-30,晴转多云,18C～7C,南风微风级
杭州,2013-1-31,阴转中雨,19C～13C,南风微风级
杭州,2013-2-1,小雨,17C～7C,北风微风级
杭州,2013-2-2,阴,5C,东北风3-4级
杭州,2013-2-3,小雨,15C～8C,南风微风级
杭州,2013-2-4,小雨转中雨,12C～6C,北风微风级
杭州,2013-2-5,小雨转阴,10C～5C,北风3～4级
杭州,2013-2-6,小雨,1C,东北风微风
杭州,2013-2-7,雨夹雪转大雪,5C～-2C,东北风3～4级
杭州,2013-2-8,中雪转雨夹雪,NULLC～NULLC,东北风微风级
杭州,2013-2-9,阴转多云,1C～-1C,东北风微风级
杭州,2013-2-10,阴,3C,无持续风向微风
杭州,2013-2-11,小雨转中雨,7C～3C,微风
杭州,2013-2-12,小雨转阴,6C～2C,东北风微风级
杭州,2013-2-13,阴转小雨,9C～5C,东风微风级
杭州,2013-2-14,小雨,8C～4C,东风微风级
杭州,2013-2-15,阴转多云,9C～2C,东北风微风级
杭州,2013-2-16,多云转阵雨,12C～6C,东南风微风级
杭州,2013-2-17,阵雨,13C～6C,西南风微风级
杭州,2013-2-18,中雨转雨夹雪,8C～1C,北风4～5级
杭州,2013-2-19,中雪转阴,2C～-1C,北风3～4级
杭州,2013-2-20,多云,8C～2C,东风微风级
杭州,2013-2-21,小雨,10C～5C,东风微风级
杭州,2013-2-22,阴转多云,10C～3C,东北风微风级
杭州,2013-2-23,雾转晴,14C～4C,东风微风级
杭州,2013-2-24,多云,16C～10C,东南风微风级
杭州,2013-2-25,多云转中雨,18C～12C,东风微风级
杭州,2013-2-26,小到中雨转阴,15C～9C,北风微风级
杭州,2013-2-27,阴,14C～8C,东北风微风级
杭州,2013-2-28,多云转中雨,21C～3C,东北风微风级
杭州,2013-3-1,中雨转小雨,8C～1C,北风5～6级
杭州,2013-3-2,阴转多云,7C～0C,东北风微风级
杭州,2013-3-3,晴,12C～4C,北风微风级
杭州,2013-3-4,晴,17C～6C,南风微风级
杭州,2013-3-5,晴,22C～10C,东南风微风级
杭州,2013-3-6,晴转多云,21C～11C,南风微风级
杭州,2013-3-7,晴,24C～12C,西北风微风级
杭州,2013-3-8,晴,29C～16C,西南风3～4级
杭州,2013-3-9,多云转阵雨,30C～6C,西南风3～4级
杭州,2013-3-10,阵雨转阴,10C～6C,东北风4～5级
杭州,2013-3-11,阵雨转多云,15C～7C,东北风微风级
杭州,2013-3-12,多云转大雨,24C～7C,东南风微风级
杭州,2013-3-13,中到大雨转阴,11C～2C,北风4～5级
杭州,2013-3-14,多云转晴,12C～4C,微风
杭州,2013-3-15,晴转多云,18C～8C,东北风微风级
杭州,2013-3-16,阵雨转中雨,21C～12C,东南风微风级
杭州,2013-3-17,暴雨,12C,无持续风向微风
杭州,2013-3-18,多云,22C～13C,南风微风级
杭州,2013-3-19,小到中雨转中雨,22C～10C,微风
杭州,2013-3-20,阴,16C～3C,北风微风级
杭州,2013-3-21,中雨,10C,东南风微风
杭州,2013-3-22,阵雨转雷阵雨,18C～9C,东北风微风级
杭州,2013-3-23,中雨,12C～8C,东北风3～4级
杭州,2013-3-24,阵雨转阴,13C～5C,东风微风级
杭州,2013-3-25,中雨,7C,无持续风向微风
杭州,2013-3-26,阵雨转阴,10C～5C,东南风微风级
杭州,2013-3-27,多云,18C～8C,东风微风级
杭州,2013-3-28,多云转阵雨,20C～11C,南风微风级
杭州,2013-3-29,多云,9C,无持续风向微风
杭州,2013-3-30,多云转阴,19C～10C,微风
杭州,2013-3-31,多云,18C～9C,东北风微风级
杭州,2013-4-1,阴,16C～12C,南风微风级
杭州,2013-4-2,多云,8C,东北风微风
杭州,2013-4-3,多云转阴,20C～11C,东风微风级
杭州,2013-4-4,多云转阴,22C～15C,微风
杭州,2013-4-5,阵雨转中雨,19C～9C,微风
杭州,2013-4-6,多云,5C,东北风3-4级
杭州,2013-4-7,晴,17C～8C,北风3～4级
杭州,2013-4-8,多云,22C～10C,东北风微风级
杭州,2013-4-9,多云,20C～10C,北风3～4级
杭州,2013-4-10,晴,10C,南风微风
杭州,2013-4-11,晴,22C～11C,南风微风级
杭州,2013-4-12,晴,24C～14C,南风微风级
杭州,2013-4-13,多云,28C～15C,南风微风级
杭州,2013-4-14,多云转晴,29C～14C,南风微风级
杭州,2013-4-15,晴转多云,31C～18C,微风
杭州,2013-4-16,阵雨,29C～17C,西南风微风级
杭州,2013-4-17,多云,27C～17C,东风微风级
杭州,2013-4-18,阴,26C～10C,北风4～5级
杭州,2013-4-19,阴转中雨,14C～8C,东北风3～4级
杭州,2013-4-20,小雨转多云,12C～6C,东北风3～4级
杭州,2013-4-21,多云转晴,16C～9C,东北风微风级
杭州,2013-4-22,阵雨,21C～13C,东南风微风级
杭州,2013-4-23,小雨转中雨,19C～13C,南风微风级
杭州,2013-4-24,阴转多云,22C～13C,东北风微风级
杭州,2013-4-25,多云转晴,26C～12C,东风微风级
杭州,2013-4-26,晴,28C～14C,东南风微风级
杭州,2013-4-27,晴,29C～15C,东南风3～4级
杭州,2013-4-28,多云,29C～18C,南风微风级
杭州,2013-4-29,雷阵雨转暴雨,29C～13C,东北风微风级
杭州,2013-4-30,小雨转阴,16C～11C,东北风微风级
杭州,2013-5-1,晴,23C～13C,东北风微风级
杭州,2013-5-2,晴,25C～13C,东风微风级
杭州,2013-5-3,多云,26C～15C,东风微风级
杭州,2013-5-4,多云,28C～15C,东风微风级
杭州,2013-5-5,多云转阵雨,25C～18C,东风微风级
杭州,2013-5-6,阵雨,21C～18C,微风
杭州,2013-5-7,阴转阵雨,24C～19C,东南风微风级
杭州,2013-5-8,阵雨,21C～18C,东南风微风级
杭州,2013-5-9,小到中雨,24C～19C,东南风微风/北风微风
杭州,2013-5-10,阴,26C～19C,东北风微风级
杭州,2013-5-11,多云转晴,29C～18C,南风微风级
杭州,2013-5-12,晴,32C～19C,南风微风级
杭州,2013-5-13,晴,19C,东南风微风
杭州,2013-5-14,多云,34C～22C,东南风微风级
杭州,2013-5-15,小到中雨转暴雨,29C～19C,东风微风级
杭州,2013-5-16,小到中雨转阵雨,21C～19C,东北风4～5级
杭州,2013-5-17,阵雨转小雨,22C～19C,东北风微风级
杭州,2013-5-18,阵雨,20C,无持续风向微风
杭州,2013-5-19,多云,29C～21C,北风微风级
杭州,2013-5-20,多云,31C～20C,东风微风级
杭州,2013-5-21,晴,31C～20C,东南风微风级
杭州,2013-5-22,晴转多云,32C～22C,东风微风级
杭州,2013-5-23,阴,26C～21C,东北风微风级
杭州,2013-5-24,多云,31C～23C,东风微风级
杭州,2013-5-25,多云,23C,东南风微风
杭州,2013-5-26,阵雨转中雨,29C～23C,东南风3～4级
杭州,2013-5-27,阴转多云,30C～21C,西风3～4级
杭州,2013-5-28,晴,22C,南风3-4级
杭州,2013-5-29,雷阵雨转中雨,35C～21C,北风微风级
杭州,2013-5-30,阵雨转小雨,22C～17C,东北风微风级
杭州,2013-5-31,阴,27C～21C,东北风微风级
杭州,2013-6-1,小到中雨转中雨,25C～20C,北风微风级
杭州,2013-6-2,小到中雨转阴,23C～17C,东北风微风级
杭州,2013-6-3,多云转晴,29C～18C,东风微风级
杭州,2013-6-4,多云,20C,东风微风
杭州,2013-6-5,多云,29C～21C,东风微风级
杭州,2013-6-6,多云转中雨,32C～22C,东南风微风级
杭州,2013-6-7,大到暴雨转中雨,24C～22C,东风微风级
杭州,2013-6-8,阴,26C～20C,北风3～4级
杭州,2013-6-9,阴,27C～19C,西北风4～5级
杭州,2013-6-10,阴转小雨,25C～20C,北风微风级
杭州,2013-6-11,小雨,25C～19C,西北风微风级
杭州,2013-6-12,阴,25C～19C,东北风微风级
杭州,2013-6-13,阴,24C～19C,东风微风级
杭州,2013-6-14,阵雨,24C～20C,东风3～4级
杭州,2013-6-15,多云,30C～24C,微风
杭州,2013-6-16,多云,35C～25C,东风微风级
杭州,2013-6-17,晴转多云,36C～26C,南风微风级
杭州,2013-6-18,中雨转多云,36C～27C,南风微风级
杭州,2013-6-19,雷阵雨转多云,36C～26C,东南风微风级
杭州,2013-6-20,阵雨转阴,32C～23C,东北风微风级
杭州,2013-6-21,多云,31C～25C,东北风3～4级
杭州,2013-6-22,阴转多云,29C～25C,东北风微风级
杭州,2013-6-23,阵雨,26C,南风3-4级
杭州,2013-6-24,中雨转阵雨,31C～25C,东风微风级
杭州,2013-6-25,中雨,31C～25C,西南风微风级
杭州,2013-6-26,中雨转大雨,26C～23C,东风微风级
杭州,2013-6-27,大雨,22C,东风微风
杭州,2013-6-28,大雨,25C～22C,东风微风级
杭州,2013-6-29,中雨转阵雨,27C～23C,东北风微风级
杭州,2013-6-30,雷阵雨转多云,32C～25C,微风
杭州,2013-7-1,多云,35C～26C,南风微风级
杭州,2013-7-2,晴,38C～27C,南风微风级
杭州,2013-7-3,晴,37C～28C,微风
杭州,2013-7-4,多云,27C,西南风微风
杭州,2013-7-5,雷阵雨,36C～25C,西风微风级
杭州,2013-7-6,雷阵雨转多云,34C～27C,西风3～4级
杭州,2013-7-7,多云,35C～27C,南风微风级
杭州,2013-7-8,多云,36C～28C,南风微风级
杭州,2013-7-9,晴,38C～28C,南风微风级
杭州,2013-7-10,晴,38C～28C,南风微风级
杭州,2013-7-11,晴,38C～28C,南风微风级
杭州,2013-7-12,晴转多云,38C～26C,东风3～4级
杭州,2013-7-13,阵雨,34C～27C,东风5～6级
杭州,2013-7-14,多云,36C～28C,东南风3～4级
杭州,2013-7-15,多云,37C～28C,南风3～4级
杭州,2013-7-16,多云,28C,南风3-4级
杭州,2013-7-17,晴,37C～28C,南风3～4级
杭州,2013-7-18,晴,38C～27C,南风3～4级
杭州,2013-7-19,晴,28C,无持续风向微风
杭州,2013-7-20,雷阵雨转多云,36C～26C,南风3～4级
杭州,2013-7-21,雷阵雨转多云,34C～26C,西南风3～4级
杭州,2013-7-22,多云,36C～27C,西南风微风级
杭州,2013-7-23,晴,39C～28C,西南风3～4级
杭州,2013-7-24,晴,40C～30C,南风微风级
杭州,2013-7-25,晴,40C～30C,西南风微风级
杭州,2013-7-26,晴,39C～29C,南风微风级
杭州,2013-7-27,晴,40C～29C,南风微风级
杭州,2013-7-28,晴,40C～30C,西南风微风级
杭州,2013-7-29,晴,40C～30C,南风微风级
杭州,2013-7-30,多云,40C～30C,南风微风级
杭州,2013-7-31,晴转多云,40C～28C,西南风微风级
杭州,2013-8-1,晴转多云,39C～27C,东南风微风级
杭州,2013-8-2,阵雨转多云,35C～26C,东南风3～4级
杭州,2013-8-3,阵雨转多云,34C～27C,西南风微风级
杭州,2013-8-4,多云,28C,西南风微风
杭州,2013-8-5,晴,38C～29C,西南风3～4级
杭州,2013-8-6,晴,40C～30C,西南风3～4级
杭州,2013-8-7,晴,40C～30C,西南风微风级
杭州,2013-8-8,晴,40C～30C,西南风微风级
杭州,2013-8-9,晴,41C～31C,西南风微风级
杭州,2013-8-10,晴,41C～30C,南风3～4级
杭州,2013-8-11,晴,40C～29C,东南风微风级
杭州,2013-8-12,晴,41C～28C,东南风微风级
杭州,2013-8-13,晴,39C～29C,东南风微风级
杭州,2013-8-14,晴,39C～28C,东南风微风级
杭州,2013-8-15,多云转晴,37C～29C,东南风微风级
杭州,2013-8-16,多云,38C～28C,东南风3～4级
杭州,2013-8-17,晴转多云,38C～28C,东南风微风级
杭州,2013-8-18,雷阵雨,26C,东风3-4级
杭州,2013-8-19,阵雨转多云,32C～27C,东风微风级
杭州,2013-8-20,阵雨,33C～27C,东北风3～4级
杭州,2013-8-21,中雨,32C～28C,东北风4～5级
杭州,2013-8-22,小到中雨转阴,32C～27C,东北风4～5级
杭州,2013-8-23,多云,35C～27C,东南风微风级
杭州,2013-8-24,雷阵雨转多云,36C～28C,微风
杭州,2013-8-25,中雨,26C,北风3-4级
杭州,2013-8-26,小到中雨转雷阵雨,29C～24C,东北风微风级
杭州,2013-8-27,阵雨转阴,32C～26C,东北风微风级
杭州,2013-8-28,多云,35C～26C,东风微风级
杭州,2013-8-29,阵雨,35C～27C,南风微风级
杭州,2013-8-30,阵雨转阴,31C～24C,北风4～5级
杭州,2013-8-31,多云,29C～21C,东北风微风级
杭州,2013-9-1,多云,22C,无持续风向微风
杭州,2013-9-2,晴,29C～21C,北风微风级
杭州,2013-9-3,多云,31C～21C,东北风3～4级
杭州,2013-9-4,多云,30C～21C,东北风微风级
杭州,2013-9-5,阵雨,20C,东北风微风
杭州,2013-9-6,阵雨转小雨,23C～19C,北风微风级
杭州,2013-9-7,小雨转阴,24C～21C,北风微风级
杭州,2013-9-8,阴转多云,27C～22C,东风微风级
杭州,2013-9-9,晴,24C,东风微风
杭州,2013-9-10,多云,35C～25C,南风微风级
杭州,2013-9-11,阵雨转多云,34C～25C,东北风微风级
杭州,2013-9-12,多云,35C～24C,东北风微风级
杭州,2013-9-13,雷阵雨,25C,东风微风
杭州,2013-9-14,多云,32C～23C,东北风3～4级
杭州,2013-9-15,多云,32C～22C,东北风微风级
杭州,2013-9-16,晴,32C～22C,东北风微风级
杭州,2013-9-17,多云,22C,无持续风向微风
杭州,2013-9-18,多云,29C～21C,东北风3～4级
杭州,2013-9-19,多云,30C～22C,东风3～4级
杭州,2013-9-20,多云转阵雨,30C～23C,东北风微风级
杭州,2013-9-21,阵雨,24C,东北风微风
杭州,2013-9-22,阵雨转阴,29C～26C,东北风3～4级
杭州,2013-9-23,阴转多云,31C～25C,东风3～4级
杭州,2013-9-24,阵雨转中雨,33C～20C,东风3～4级
杭州,2013-9-25,阴,18C,东北风4-5级
杭州,2013-9-26,多云,25C～17C,东北风微风级
杭州,2013-9-27,多云转小雨,26C～19C,东风微风级
杭州,2013-9-28,阵雨,25C～19C,北风微风级
杭州,2013-9-29,多云,25C～19C,北风微风级
杭州,2013-9-30,多云,27C～18C,北风微风级
杭州,2013-10-1,多云,28C～18C,东北风微风级
杭州,2013-10-2,多云,27C～16C,北风3～4级
杭州,2013-10-3,多云转晴,25C～16C,东北风微风级
杭州,2013-10-4,晴,26C～16C,东北风微风级
杭州,2013-10-5,多云转阵雨,26C～18C,东北风微风级
杭州,2013-10-6,中雨转暴雨,24C～21C,东北风4～5级
杭州,2013-10-7,暴雨转大雨,24C～21C,东北风7～8级
杭州,2013-10-8,中雨转小雨,24C～19C,东北风4～5级
杭州,2013-10-9,阴,24C～19C,北风微风级
杭州,2013-10-10,晴,20C,东北风微风
杭州,2013-10-11,晴转多云,31C～19C,东北风微风级
杭州,2013-10-12,多云转晴,28C～18C,东北风微风级
杭州,2013-10-13,晴,17C,东风微风
杭州,2013-10-14,多云转小雨,28C～14C,东风微风级
杭州,2013-10-15,小雨转阴,21C～11C,北风5～6级
杭州,2013-10-16,多云,19C～12C,北风4～5级
杭州,2013-10-17,阴转多云,20C～15C,北风微风级
杭州,2013-10-18,阴,21C～16C,北风微风级
杭州,2013-10-19,小雨转多云,22C～17C,东北风微风级
杭州,2013-10-20,多云,23C～16C,东北风微风级
杭州,2013-10-21,多云转晴,22C～15C,北风微风级
杭州,2013-10-22,多云,20C～14C,无持续风向微风
杭州,2013-10-23,多云,22C～14C,微风
杭州,2013-10-24,多云,22C～11C,北风微风级
杭州,2013-10-25,晴,18C～9C,北风3～4级
杭州,2013-10-26,晴,10C,东北风微风
杭州,2013-10-27,晴,21C～11C,微风
杭州,2013-10-28,多云转晴,23C～13C,微风
杭州,2013-10-29,晴转多云,25C～15C,东南风微风级
杭州,2013-10-30,小雨,18C,东南风微风
杭州,2013-10-31,小雨转阴,23C～17C,东风微风级
杭州,2013-11-1,多云,23C～17C,东风微风级
杭州,2013-11-2,小雨转阴,22C～18C,东北风微风级
杭州,2013-11-3,阴,15C,无持续风向微风
杭州,2013-11-4,多云转晴,21C～11C,北风微风级
杭州,2013-11-5,晴转多云,21C～12C,东风微风级
杭州,2013-11-6,多云,23C～13C,西北风微风级
杭州,2013-11-7,晴,23C～13C,微风
杭州,2013-11-8,多云,25C～16C,南风微风级
杭州,2013-11-9,多云转阵雨,29C～15C,西南风微风级
杭州,2013-11-10,小雨转阴,18C～11C,北风4～5级
杭州,2013-11-11,阴转小雨,15C～12C,北风3～4级
杭州,2013-11-12,小雨,12C～10C,北风微风级
杭州,2013-11-13,阴转小雨,15C～13C,北风微风级
杭州,2013-11-14,小雨转阴,15C～10C,西北风微风级
杭州,2013-11-15,晴,19C～8C,东北风微风级
杭州,2013-11-16,晴转多云,19C～8C,北风3-4级
杭州,2013-11-17,晴,17C～6C,西北风微风级
杭州,2013-11-18,晴,15C～4C,北风3～4级
杭州,2013-11-19,晴,16C～6C,东南风微风级
杭州,2013-11-20,晴,18C～8C,东北风微风级
杭州,2013-11-21,晴转多云,20C～9C,东南风微风级
杭州,2013-11-22,晴,21C～9C,东风微风级
杭州,2013-11-23,多云,21C～12C,东南风微风级
杭州,2013-11-24,中雨转阴,16C～5C,北风4～5级
杭州,2013-11-25,多云转晴,15C～4C,北风微风级
杭州,2013-11-26,晴转多云,15C～5C,西北风微风级
杭州,2013-11-27,多云,13C～1C,北风5～6级
杭州,2013-11-28,多云转晴,11C～-1C,北风4～5级
杭州,2013-11-29,晴,1C,西风微风
杭州,2013-11-30,晴,14C～4C,西南风微风级
杭州,2013-12-1,晴,14C～3C,北风微风级
杭州,2013-12-2,晴,17C～5C,西南风微风级
杭州,2013-12-3,晴转多云,19C～8C,东南风微风级
杭州,2013-12-4,多云,7C,无持续风向微风
杭州,2013-12-5,晴转多云,17C～8C,南风微风级
杭州,2013-12-6,霾转雾,16C～5C,北风3～4级
杭州,2013-12-7,霾转雾,14C～7C,东风微风级
杭州,2013-12-8,霾,9C,东南风微风
杭州,2013-12-9,阴转多云,13C～2C,北风5～6级
杭州,2013-12-10,晴,10C～3C,西北风微风级
杭州,2013-12-11,多云转晴,12C～4C,西北风微风级
杭州,2013-12-12,多云转阴,12C～3C,东南风微风级
杭州,2013-12-13,多云,5C,东北风微风
杭州,2013-12-14,多云转阴,14C～8C,东北风微风级
杭州,2013-12-15,小雨转中雨,10C～6C,东北风微风级
杭州,2013-12-16,大雨转雨夹雪,6C～0C,北风微风级
杭州,2013-12-17,雨夹雪转中雪,5C～0C,北风微风级
杭州,2013-12-18,阴转多云,9C～-1C,北风3～4级
杭州,2013-12-19,晴转多云,8C～0C,北风微风级
杭州,2013-12-20,多云,8C～-2C,北风微风级
杭州,2013-12-21,多云,6C～-3C,北风3～4级
杭州,2013-12-22,晴,7C～-2C,东北风微风级
杭州,2013-12-23,晴,8C～0C,北风微风级
杭州,2013-12-24,晴,9C～0C,东风微风级
杭州,2013-12-25,晴转多云,9C～0C,北风微风级
杭州,2013-12-26,阴,-1C,北风4-5级
杭州,2013-12-27,晴,5C～-4C,北风3～4级
杭州,2013-12-28,晴,6C～-4C,西南风微风级
杭州,2013-12-29,晴转多云,8C～-2C,西南风微风级
杭州,2013-12-30,晴,10C～0C,微风
杭州,2013-12-31,晴,14C～2C,南风微风级
杭州,2014-1-1,晴,16C～2C,南风微风级
杭州,2014-1-2,晴转多云,17C～4C,南风微风级
杭州,2014-1-3,多云,16C～4C,西风微风级
杭州,2014-1-4,多云转霾,12C～2C,北风微风级
杭州,2014-1-5,晴,12C～3C,南风微风级
杭州,2014-1-6,晴转多云,14C～4C,东风微风级
杭州,2014-1-7,小雨,11C～5C,西南风微风级
杭州,2014-1-8,小雨转阴,8C～1C,北风4～5级
杭州,2014-1-9,多云,8C～-1C,北风微风级
杭州,2014-1-10,多云转小雨,8C～3C,东风微风级
杭州,2014-1-11,小雨,3C,东北风微风
杭州,2014-1-12,小雨转阴,5C～0C,北风微风级
杭州,2014-1-13,阴,6C～-1C,北风3～4级
杭州,2014-1-14,多云转晴,8C～-1C,东北风微风级
杭州,2014-1-15,晴,8C～0C,东风微风级
杭州,2014-1-16,晴转多云,11C～0C,东风微风级
杭州,2014-1-17,多云,13C～2C,南风微风级
杭州,2014-1-18,霾,0C,东北风微风
杭州,2014-1-19,霾转多云,10C～1C,东风微风/东南风微风
杭州,2014-1-20,多云,11C～-2C,西北风3～4级
杭州,2014-1-21,晴,7C～-2C,北风微风级
杭州,2014-1-22,晴,8C～-1C,南风微风级
杭州,2014-1-23,晴,12C～1C,南风微风级
杭州,2014-1-24,晴转多云,17C～7C,南风微风级
杭州,2014-1-25,多云转阴,18C～5C,南风微风级
杭州,2014-1-26,多云转晴,11C～2C,东北风3～4级
杭州,2014-1-27,晴,14C～6C,东南风微风级
杭州,2014-1-28,多云转阴,16C～7C,东北风微风级
杭州,2014-1-29,小雨转阴,14C～9C,西南风微风级
杭州,2014-1-30,晴,20C～9C,南风微风级
杭州,2014-1-31,晴转霾,24C～12C,南风微风级
杭州,2014-2-1,多云,24C～13C,微风
杭州,2014-2-2,多云,7C,东南风微风
杭州,2014-2-3,小雨转阴,11C～4C,东北风4～5级
杭州,2014-2-4,多云转小雨,8C～4C,东北风微风级
杭州,2014-2-5,小雨,9C～6C,东风微风级
杭州,2014-2-6,小雨,4C,东北风3-4级
杭州,2014-2-7,中雨转小雨,8C～2C,东北风3～4级
杭州,2014-2-8,阴,6C～1C,北风微风级
杭州,2014-2-9,小雪,2C～-2C,北风4～5级
杭州,2014-2-10,多云,-3C,北风4-5级
杭州,2014-2-11,多云转阴,4C～-1C,微风
杭州,2014-2-12,雨夹雪转中雪,4C～0C,北风微风级
杭州,2014-2-13,雨夹雪转阴,4C～1C,北风微风级
杭州,2014-2-14,多云,7C～0C,北风微风级
杭州,2014-2-15,多云转小雨,10C～5C,东风微风级
杭州,2014-2-16,小雨转中雨,9C～6C,东南风微风级
杭州,2014-2-17,小雨转中雨,8C～1C,北风微风级
杭州,2014-2-18,中雪,-1C,西北风3-4级
杭州,2014-2-19,阴转多云,4C～-3C,西北风3～4级
杭州,2014-2-20,晴,8C～0C,东北风微风级
杭州,2014-2-21,多云,11C～2C,微风
杭州,2014-2-22,多云,13C～4C,东风微风级
杭州,2014-2-23,多云,14C～5C,东北风微风级
杭州,2014-2-24,小雨转中雨,11C～8C,东风微风级
杭州,2014-2-25,小雨,12C～9C,东北风微风级
杭州,2014-2-26,阴转多云,14C～8C,东北风微风级
杭州,2014-2-27,阴转小雨,14C～9C,东北风微风级
杭州,2014-2-28,小雨转中雨,9C～7C,东北风微风级
杭州,2014-3-1,小雨,9C～4C,东北风3～4级
杭州,2014-3-2,多云转小雨,11C～6C,东北风微风级
杭州,2014-3-3,阴转小雨,12C～8C,东北风微风级
杭州,2014-3-4,阴,6C,西北风微风
杭州,2014-3-5,多云转小雨,12C～2C,东北风微风级
杭州,2014-3-6,雨夹雪转阴,6C～2C,东北风3～4级
杭州,2014-3-7,小雨,9C～5C,东风3～4级
杭州,2014-3-8,小雨转阴,6C～4C,东风微风级
杭州,2014-3-9,多云转晴,13C～2C,东北风微风级
杭州,2014-3-10,晴,15C～5C,东风微风级
杭州,2014-3-11,晴转阵雨,18C～11C,东南风微风级
杭州,2014-3-12,小雨,17C～6C,南风微风级
杭州,2014-3-13,多云,13C～2C,北风微风级
杭州,2014-3-14,晴,18C～5C,南风微风级
杭州,2014-3-15,晴,21C～9C,南风微风级
杭州,2014-3-16,阵雨,13C,南风3-4级
杭州,2014-3-17,多云,25C～14C,西南风3～4级
杭州,2014-3-18,多云,29C～12C,南风微风级
杭州,2014-3-19,中雨转小雨,15C～8C,东北风3～4级
杭州,2014-3-20,多云转阴,13C～4C,北风4～5级
杭州,2014-3-21,晴,16C～5C,东北风3～4级
杭州,2014-3-22,晴,19C～7C,东南风微风级
杭州,2014-3-23,多云,20C～12C,东南风微风级
杭州,2014-3-24,阴转阵雨,21C～15C,东南风微风级
杭州,2014-3-25,阵雨转多云,21C～14C,东南风微风级
杭州,2014-3-26,多云,26C～14C,东北风微风级
杭州,2014-3-27,多云,15C,东南风微风
杭州,2014-3-28,阵雨,23C～17C,东南风微风级
杭州,2014-3-29,阵雨转阴,22C～13C,东南风微风级
杭州,2014-3-30,多云转阵雨,22C～12C,东北风微风级
杭州,2014-3-31,阵雨转阴,17C～10C,东北风3～4级
杭州,2014-4-1,阴,18C～11C,东风微风级
杭州,2014-4-2,阴,19C～13C,东风微风级
杭州,2014-4-3,阴转多云,19C～8C,北风3～4级
杭州,2014-4-4,晴,20C～8C,北风3～4级
杭州,2014-4-5,晴,24C～9C,东北风3～4级
杭州,2014-4-6,多云转阵雨,18C～11C,东风3～4级
杭州,2014-4-7,阴,19C～12C,东南风微风级
杭州,2014-4-8,阴转多云,22C～13C,东北风微风级
杭州,2014-4-9,多云转晴,24C～12C,东风微风级
杭州,2014-4-10,晴转多云,27C～15C,东风微风级
杭州,2014-4-11,阵雨,24C～16C,东风3～4级
杭州,2014-4-12,中雨转阵雨,21C～14C,东南风微风级
杭州,2014-4-13,阴,18C～11C,北风3～4级
杭州,2014-4-14,多云转晴,22C～11C,东风微风级
杭州,2014-4-15,晴转阵雨,24C～15C,东南风3～4级
杭州,2014-4-16,阵雨转多云,22C～17C,东南风微风级
杭州,2014-4-17,阵雨转阴,25C～18C,东南风微风级
杭州,2014-4-18,阴转阵雨,23C～14C,东北风微风级
杭州,2014-4-19,中雨转阵雨,16C～13C,东北风微风级
杭州,2014-4-20,阴转阵雨,17C～14C,东北风3～4级
杭州,2014-4-21,小雨,12C,东北风微风
杭州,2014-4-22,阵雨转多云,17C～11C,东北风微风级
杭州,2014-4-23,多云转阴,24C～13C,东风微风级
杭州,2014-4-24,阴转阵雨,21C～17C,东南风微风级
杭州,2014-4-25,阵雨转中雨,21C～16C,东南风3～4级
杭州,2014-4-26,阵雨,23C～17C,南风微风级
杭州,2014-4-27,阵雨转多云,22C～14C,微风
杭州,2014-4-28,多云,13C,北风3-4级
杭州,2014-4-29,晴,25C～13C,北风微风级
杭州,2014-4-30,晴转多云,27C～15C,东北风微风级
杭州,2014-5-1,晴,28C～17C,东南风微风级
杭州,2014-5-2,多云,16C,微风
杭州,2014-5-3,多云,24C～16C,微风
杭州,2014-5-4,小到中雨转阵雨,20C～12C,北风3～4级
杭州,2014-5-5,多云,22C～12C,东北风微风级
杭州,2014-5-6,晴,13C,东南风微风
杭州,2014-5-7,多云,29C～17C,南风微风级
杭州,2014-5-8,多云,31C～17C,南风微风级
杭州,2014-5-9,阵雨,22C～17C,微风
杭州,2014-5-10,阵雨转中雨,24C～19C,东南风3-4级/东南风微风
杭州,2014-5-11,中雨转阵雨,25C～17C,北风3～4级
杭州,2014-5-12,多云,27C～17C,东风微风级
杭州,2014-5-13,阵雨转大雨,27C～20C,微风
杭州,2014-5-14,阴转多云,27C～19C,北风3～4级
杭州,2014-5-15,多云,27C～17C,东北风微风级
杭州,2014-5-16,阵雨转中雨,28C～20C,东南风微风级
杭州,2014-5-17,大雨,22C～17C,东北风微风级
杭州,2014-5-18,阴,22C～18C,微风
杭州,2014-5-19,阵雨,25C～18C,东北风微风级
杭州,2014-5-20,多云,29C～17C,北风微风级
杭州,2014-5-21,多云转阵雨,30C～20C,东风微风级
杭州,2014-5-22,阵雨转阴,26C～18C,东南风微风级
杭州,2014-5-23,多云转阴,27C～20C,微风
杭州,2014-5-24,多云转阵雨,31C～23C,东南风4～5级
杭州,2014-5-25,小到中雨转阴,30C～22C,西南风3～4级
杭州,2014-5-26,阴转多云,31C～22C,北风3～4级
杭州,2014-5-27,多云,32C～21C,南风微风级
杭州,2014-5-28,晴,35C～23C,微风
杭州,2014-5-29,多云,23C,南风微风
杭州,2014-5-30,多云转阴,33C～22C,东南风3～4级
杭州,2014-5-31,阵雨,29C～21C,东南风3～4级
杭州,2014-6-1,大雨转阵雨,27C～22C,南风微风级
杭州,2014-6-2,多云,21C,微风
杭州,2014-6-3,多云,30C～19C,西北风4～5级
杭州,2014-6-4,多云,29C～20C,北风3～4级
杭州,2014-6-5,多云,30C～20C,东北风3～4级
杭州,2014-6-6,多云,31C～22C,东北风微风级
杭州,2014-6-7,多云,32C～22C,微风
杭州,2014-6-8,多云,32C～21C,东风微风级
杭州,2014-6-9,多云,31C～22C,东风3～4级
杭州,2014-6-10,多云,21C,东风微风
杭州,2014-6-11,多云,30C～20C,东北风微风级
杭州,2014-6-12,多云转晴,30C～20C,微风
杭州,2014-6-13,多云转晴,32C～20C,东风微风级
杭州,2014-6-14,多云,33C～23C,东风3～4级
杭州,2014-6-15,多云,33C～24C,东风3～4级
杭州,2014-6-16,阵雨,31C～25C,东风微风级
杭州,2014-6-17,阴,22C,微风
杭州,2014-6-18,阴转多云,30C～23C,东风微风级
杭州,2014-6-19,多云转阵雨,32C～24C,东风3～4级
杭州,2014-6-20,中雨,29C～23C,南风微风级
杭州,2014-6-21,大雨转中雨,27C～22C,东南风微风级
杭州,2014-6-22,阵雨,24C～21C,东风微风级
杭州,2014-6-23,阴,26C～20C,东风微风级
杭州,2014-6-24,阵雨,21C,东南风微风
杭州,2014-6-25,阵雨转小到中雨,25C～22C,东风微风级
杭州,2014-6-26,中雨转暴雨,26C～22C,东北风微风级
杭州,2014-6-27,阵雨转阴,26C～22C,东风微风级
杭州,2014-6-28,阵雨,27C～20C,东风微风级
杭州,2014-6-29,阵雨,28C～21C,东风微风级
杭州,2014-6-30,中雨,26C～20C,东风微风级
杭州,2014-7-1,阵雨,27C～23C,微风
杭州,2014-7-2,大雨转阵雨,27C～23C,西北风微风级
杭州,2014-7-3,多云,32C～23C,东北风微风级
杭州,2014-7-4,阵雨,29C～22C,东风微风级
杭州,2014-7-5,阵雨,30C～24C,东风3～4级
杭州,2014-7-6,阵雨转阴,30C～23C,西北风微风级
杭州,2014-7-7,多云,32C～23C,微风
杭州,2014-7-8,多云,32C～24C,东北风3～4级
杭州,2014-7-9,多云,34C～25C,北风3～4级
杭州,2014-7-10,晴转多云,35C～26C,东北风微风级
杭州,2014-7-11,雷阵雨转阵雨,36C～26C,东风微风级
杭州,2014-7-12,雷阵雨,25C,微风
杭州,2014-7-13,中到大雨转中雨,28C～22C,东北风微风级
杭州,2014-7-14,阴转中雨,31C～24C,东风微风级
杭州,2014-7-15,中雨转阴,27C～22C,南风微风级
杭州,2014-7-16,雷阵雨转多云,33C～24C,南风微风级
杭州,2014-7-17,多云,35C～26C,东南风微风级
杭州,2014-7-18,多云,37C～27C,东南风微风级
杭州,2014-7-19,多云,27C,东风微风
杭州,2014-7-20,晴,37C～27C,东风微风级
杭州,2014-7-21,晴转多云,38C～27C,东风微风级
杭州,2014-7-22,晴,38C～27C,微风
杭州,2014-7-23,多云转阵雨,36C～28C,东南风4～5级
杭州,2014-7-24,中雨,32C～25C,东南风4～5级
杭州,2014-7-25,阴转多云,32C～25C,南风4～5级
杭州,2014-7-26,雷阵雨转多云,34C～27C,东风微风级
杭州,2014-7-27,雷阵雨转多云,33C～25C,东北风微风级
杭州,2014-7-28,雷阵雨转多云,34C～25C,东风微风级
杭州,2014-7-29,多云,35C～26C,东南风微风级
杭州,2014-7-30,晴,37C～27C,东风微风级
杭州,2014-7-31,多云转阵雨,35C～25C,东北风微风级
杭州,2014-8-1,中雨转阵雨,29C～25C,东北风5～6级
杭州,2014-8-2,阵雨,30C～25C,东北风3～4级
杭州,2014-8-3,多云,34C～26C,西北风微风级
杭州,2014-8-4,晴转多云,37C～26C,东风微风级
杭州,2014-8-5,雷阵雨转多云,37C～26C,东风微风级
杭州,2014-8-6,多云,37C～26C,微风
杭州,2014-8-7,雷阵雨转阵雨,35C～26C,东风微风级
杭州,2014-8-8,雷阵雨转多云,33C～26C,东北风微风级
杭州,2014-8-9,多云,32C～25C,东北风微风级
杭州,2014-8-10,多云,31C～25C,东北风微风级
杭州,2014-8-11,阵雨,29C～24C,东北风微风级
杭州,2014-8-12,阵雨,26C～22C,东北风微风级
杭州,2014-8-13,阵雨,30C～25C,东北风微风级
杭州,2014-8-14,中雨转阵雨,28C～22C,北风微风级
杭州,2014-8-15,阴转阵雨,30C～23C,北风微风级
杭州,2014-8-16,阵雨转中到大雨,27C～22C,东北风 微风
杭州,2014-8-17,阵雨转阴,25C～21C,北风微风级
杭州,2014-8-18,阵雨转大雨,24C～21C,北风微风级
杭州,2014-8-19,中雨,24C～21C,北风微风级
杭州,2014-8-20,中雨转阴,25C～21C,北风微风级
杭州,2014-8-21,多云,31C～23C,东风微风级
杭州,2014-8-22,多云,33C～24C,东南风微风级
杭州,2014-8-23,雷阵雨转多云,31C～26C,东风微风级
杭州,2014-8-24,雷阵雨,34C～24C,南风微风级
杭州,2014-8-25,阴,31C～24C,东北风微风级
杭州,2014-8-26,雷阵雨转阴,29C～23C,微风
杭州,2014-8-27,阵雨转阴,28C～23C,东北风微风级
杭州,2014-8-28,雷阵雨转多云,31C～24C,北风微风级
杭州,2014-8-29,阵雨转阴,30C～23C,东北风微风级
杭州,2014-8-30,阴,23C,东风 微风
杭州,2014-8-31,雷阵雨,30C～23C,微风
杭州,2014-9-1,阵雨转多云,31C～24C,北风微风级
杭州,2014-9-2,多云转中雨,32C～23C,西南风微风级
杭州,2014-9-3,中雨转多云,26C～21C,北风3～4级
杭州,2014-9-4,多云,31C～21C,东北风微风级
杭州,2014-9-5,多云,31C～23C,东北风微风级
杭州,2014-9-6,多云,23C,东北风 微风
杭州,2014-9-7,多云,31C～24C,东北风微风级
杭州,2014-9-8,阵雨,31C～23C,东北风微风级
杭州,2014-9-9,阴,30C～24C,东风微风级
杭州,2014-9-10,阵雨转阴,28C～23C,东风微风级
杭州,2014-9-11,阴,28C～23C,东风微风级
杭州,2014-9-12,阵雨,31C～24C,东北风微风级
杭州,2014-9-13,阵雨转阴,28C～23C,东北风 3-4级转微风
杭州,2014-9-14,阴转小雨,27C～22C,东北风微风级
杭州,2014-9-15,阴,27C～22C,东北风微风级
杭州,2014-9-16,阴,28C～22C,微风
杭州,2014-9-17,多云,32C～22C,东北风微风级
杭州,2014-9-18,中雨,24C～19C,东北风3～4级
杭州,2014-9-19,中雨转阵雨,20C～17C,北风3～4级
杭州,2014-9-20,阴转阵雨,25C～19C,北风3～4级
杭州,2014-9-21,阵雨转中雨,25C～20C,东北风4～5级
杭州,2014-9-22,中雨转大雨,24C～20C,东北风5～6级
杭州,2014-9-23,阵雨转阴,25C～21C,北风5～6级
杭州,2014-9-24,阴转多云,28C～21C,东北风微风级
杭州,2014-9-25,多云转阴,29C～21C,微风
杭州,2014-9-26,阴转多云,29C～20C,东风 微风
杭州,2014-9-27,多云,31C～22C,东风 微风
杭州,2014-9-28,多云,32.5C～24C,东南风微风
杭州,2014-9-29,小雨,20C,西北风 3-4级
杭州,2014-9-30,小雨转阴,23C～17C,东北风 4-5级转微风
杭州,2014-10-1,多云,24C～17C,东北风 3-4级转微风
杭州,2014-10-2,多云,27C～18C,北风 微风
杭州,2014-10-3,多云转晴,26C～17C,东北风 微风
杭州,2014-10-4,晴转多云,26C～17C, 微风
杭州,2014-10-5,多云,26C～18C,北风 微风
杭州,2014-10-6,多云转晴,25C～15C,北风 微风
杭州,2014-10-7,多云转晴,24C～14C,东北风 微风
杭州,2014-10-8,晴,25C～16C,东北风微风级
杭州,2014-10-9,多云,26C～18C,东北风微风级
杭州,2014-10-10,多云转阴,24C～18C,东北风3～4级
杭州,2014-10-11,阴,25C～19C,东北风微风级
杭州,2014-10-12,阴转多云,25C～16C,北风5～6级
杭州,2014-10-13,多云转晴,22C～12C,北风4～5级
杭州,2014-10-14,晴,22C～11C,北风微风级
杭州,2014-10-15,晴,24C～12C,东风微风级
杭州,2014-10-16,多云转晴,25C～14C,东风微风级
杭州,2014-10-17,多云,25C～17C,东风微风级
杭州,2014-10-18,多云转晴,27C～18C,东风微风级
杭州,2014-10-19,晴,28C～18C,东南风微风级
杭州,2014-10-20,晴转多云,31C～19C,南风微风级
杭州,2014-10-21,阵雨转阴,27C～15C,西北风4～5级
杭州,2014-10-22,多云转晴,24C～15C,北风3～4级
杭州,2014-10-23,晴,25C～14C,东风微风级
杭州,2014-10-24,多云转晴,25C～15C,东南风微风级
杭州,2014-10-25,多云转晴,28C～16C,微风
杭州,2014-10-26,多云,28C～17C,东南风微风级
杭州,2014-10-27,阴转多云,24C～14C,东北风4～5级
杭州,2014-10-28,多云,22C～16C,东风4～5级
杭州,2014-10-29,阵雨,22C～16C,微风
杭州,2014-10-30,阵雨,21C～18C,东南风微风级
杭州,2014-10-31,阵雨转小雨,23C～18C,东南风微风级
杭州,2014-11-1,阵雨转小雨,22C～14C,北风微风级
杭州,2014-11-2,多云,19C～9C,北风5～6级
杭州,2014-11-3,晴,18C～8C,北风微风级
杭州,2014-11-4,晴,19C～9C,东南风微风级
杭州,2014-11-5,多云转阴,21C～15C,东北风微风级
杭州,2014-11-6,多云,21C～12C,北风3～4级
杭州,2014-11-7,多云转小雨,19C～13C,东北风微风级
杭州,2014-11-8,阵雨转阴,15C～11C,微风
杭州,2014-11-9,阴,16C～11C,北风微风级
杭州,2014-11-10,阴转多云,16C～11C,东北风微风级
杭州,2014-11-11,阴,18C～11C,西北风微风级
杭州,2014-11-12,多云,19C～8C,西北风4～5级
杭州,2014-11-13,多云,16C～5C,北风微风级
杭州,2014-11-14,晴,7C,东南风 微风
杭州,2014-11-15,多云转小雨,18C～12C,东风微风级
杭州,2014-11-16,阴转多云,16C～9C,北风3～4级
杭州,2014-11-17,多云转晴,16C～7C,北风3～4级
杭州,2014-11-18,晴转多云,16C～7C,东北风微风级
杭州,2014-11-19,阴,16C～8C,东南风微风级
杭州,2014-11-20,晴转多云,19C～10C,东风微风级
杭州,2014-11-21,多云转阴,22C～13C,东风 微风
杭州,2014-11-22,多云,22C～14C,东北风微风级
杭州,2014-11-23,多云转阴,23C～17C,东风微风级
杭州,2014-11-24,阵雨转小雨,21C～12C,北风3～4级
杭州,2014-11-25,小雨,14C～10C,北风3～4级
杭州,2014-11-26,多云,17C～9C,东风微风级
杭州,2014-11-27,小雨,14C,东南风 微风
杭州,2014-11-28,阴转小雨,18C～12C,北风微风级
杭州,2014-11-29,小雨,17C～14C,东南风3～4级
杭州,2014-11-30,小雨转阴,16C～6C,西北风5～6级
杭州,2014-12-1,多云转晴,11C～1C,北风5～6级
杭州,2014-12-2,晴转多云,7C～2C,北风微风级
杭州,2014-12-3,阴转小雨,9C～3C,东北风微风级
杭州,2014-12-4,多云,8C～2C,东北风3～4级
杭州,2014-12-5,晴,10C～-1C,北风微风级
杭州,2014-12-6,晴转多云,11C～3C,东风微风级
杭州,2014-12-7,多云,3C,西北风 4-5级
杭州,2014-12-8,多云转晴,12C～3C,北风3～4级
杭州,2014-12-9,多云转阴,12C～6C,东北风微风级
杭州,2014-12-10,小雨,13C～5C,北风微风级
杭州,2014-12-11,阴,8.5C～1.2C,北风4~5级/北风3~4级
杭州,2014-12-12,多云转晴,9C～-1C,北风3～4级
杭州,2014-12-13,晴,10C～0C,东北风微风级
杭州,2014-12-14,晴,12C～2C,东风微风级
杭州,2014-12-15,阴,1C,西北风 5-6级
杭州,2014-12-16,多云转晴,7C～-2C,西北风5～6级
杭州,2014-12-17,晴,9C～-2C,北风4～5级
杭州,2014-12-18,晴转多云,10C～3C,东风微风级
杭州,2014-12-19,阴转多云,11C～1C,西南风微风级
杭州,2014-12-20,晴,10C～0C,北风4～5级
杭州,2014-12-21,多云,8C～-2C,西北风4～5级
杭州,2014-12-22,晴,9C～0C,东北风3～4级
杭州,2014-12-23,多云转晴,13C～3C,南风微风级
杭州,2014-12-24,多云转晴,14C～3C,北风3～4级
杭州,2014-12-25,多云转阴,10C～3C,北风3～4级
杭州,2014-12-26,多云,4C,东北风 微风
杭州,2014-12-27,多云转阴,12C～5C,东北风微风级
杭州,2014-12-28,多云,11C～3C,北风微风级
杭州,2014-12-29,晴,16C～5C,西南风微风级
杭州,2014-12-30,晴,17C～4C,西南风微风级
杭州,2014-12-31,多云,14C～-1C,北风6～7级
杭州,2015-1-1,晴,7C～-2C,北风4~5级/北风微风
杭州,2015-1-2,晴,9C～0C,东北风微风级
杭州,2015-1-3,多云转晴,14C～5C,南风微风级
杭州,2015-1-4,晴,19C～6C,东南风微风级
杭州,2015-1-5,多云转阴,21C～4C,南风微风级
杭州,2015-1-6,小雨转雨夹雪,9C～1C,北风4～5级
杭州,2015-1-7,多云,9C～-1C,北风微风级
杭州,2015-1-8,晴,10C～0C,北风微风级
杭州,2015-1-9,晴转多云,12C～2C,南风微风级
杭州,2015-1-10,多云,13C～4C,东南风微风级
杭州,2015-1-11,晴,16C～3C,北风微风级
杭州,2015-1-12,阴转小雨,10C～5C,东北风微风级
杭州,2015-1-13,小雨转中雨,8C～5C,东风微风级
杭州,2015-1-14,阴,5C,西北风 3-4级
杭州,2015-1-15,阴转多云,11C～3C,北风微风级
杭州,2015-1-16,多云转晴,12C～3C,北风3～4级
杭州,2015-1-17,多云,10C～2C,东北风微风级
杭州,2015-1-18,多云,10C～2C,西南风微风级
杭州,2015-1-19,晴转多云,13C～3C,南风微风级
杭州,2015-1-20,小雨,12C～7C,东南风微风级
杭州,2015-1-21,多云,17C～2C,北风微风级
杭州,2015-1-22,晴,0C, 微风
杭州,2015-1-23,晴转多云,14C～3C,东南风微风级
杭州,2015-1-24,晴转小雨,19C～10C,东南风微风级
杭州,2015-1-25,阴转小雨,15C～8C,东北风微风级
杭州,2015-1-26,阴转小雨,13C～5C,东北风微风级
杭州,2015-1-27,小雨转雨夹雪,10C～1C,东北风4～5级
杭州,2015-1-28,雨夹雪转小雨,5C～2C,东北风3～4级
杭州,2015-1-29,小到中雨转雨夹雪,5C～2C,东北风微风级
杭州,2015-1-30,阴,5C～-1C,北风4～5级
杭州,2015-1-31,多云转阴,6C～2C,北风3～4级
杭州,2015-2-1,雨夹雪转小雨,6C～3C,东北风3～4级
杭州,2015-2-2,小雨,5C～2C,东北风微风级
杭州,2015-2-3,小雨,4C, 微风
杭州,2015-2-4,多云转晴,10C～0C,北风3～4级
杭州,2015-2-5,晴,10C～-1C,北风3～4级
杭州,2015-2-6,多云,11C～1C,东北风微风级
杭州,2015-2-7,晴转阴,12C～2C,南风微风级
杭州,2015-2-8,多云,8C～-1C,北风4～5级
杭州,2015-2-9,晴,8C～-2C,微风
杭州,2015-2-10,多云,12C～2C,东南风微风级
杭州,2015-2-11,晴,4C, 4-5级
杭州,2015-2-12,晴,17C～5C,北风微风级
杭州,2015-2-13,晴,19C～5C,东风微风级
杭州,2015-2-14,小雨,13C,南风 微风
杭州,2015-2-15,小雨转阴,19C～12C,微风
杭州,2015-2-16,多云,18C～6C,北风微风级
杭州,2015-2-17,多云,16C～5C,东北风微风级
杭州,2015-2-18,晴,3C,东北风 微风
杭州,2015-2-19,多云转小雨,12C～6C,东北风 微风
杭州,2015-2-20,小雨转中雨,13C～9C,东南风微风级
杭州,2015-2-21,小雨转阴,12C～7C,北风微风级
杭州,2015-2-22,小雨,13C～6C,东北风微风级
杭州,2015-2-23,小雨,9C～7C,东风微风级
杭州,2015-2-24,阴转小雨,12C～8C,东风微风级
杭州,2015-2-25,小雨,11C～7C,北风微风级
杭州,2015-2-26,小雨,11C～6C,东北风微风级
杭州,2015-2-27,中雨转大雨,8C～4C,东风3～4级
杭州,2015-2-28,大雨转小雨,7C～3C,北风3～4级
杭州,2015-3-1,多云转晴,10C～3C,北风3～4级
杭州,2015-3-2,晴转小雨,14C～7C,东南风微风级
杭州,2015-3-3,阴,15C～3C,北风4～5级
杭州,2015-3-4,阴转雨夹雪,7C～1C,东北风3～4级
杭州,2015-3-5,中雪转雨夹雪,4C～3C,东风微风级
杭州,2015-3-6,阴,7C～3C,东风微风级
杭州,2015-3-7,阴转小雨,11C～5C,东风微风级
杭州,2015-3-8,小雨,10C～6C,东风微风级
杭州,2015-3-9,阴,13C～3C,北风4～5级
杭州,2015-3-10,多云,9C～3C,东北风3～4级
杭州,2015-3-11,多云转阴,13C～5C,东风微风级
杭州,2015-3-12,晴,7C,南风 微风
杭州,2015-3-13,晴转多云,23C～10C,南风微风级
杭州,2015-3-14,中雨,15C～9C,东风微风级
杭州,2015-3-15,阵雨转小到中雨,15C～10C,东风微风级
杭州,2015-3-16,阴转多云,18C～13C,东风微风级
杭州,2015-3-17,阵雨转雷阵雨,27C～17C,南风微风级
杭州,2015-3-18,阵雨转中雨,24C～12C,西北风微风级
杭州,2015-3-19,阴转小雨,17C～11C,东北风微风级
杭州,2015-3-20,小到中雨转小雨,14C～11C,北风微风级
杭州,2015-3-21,多云,19C～9C,东北风微风级
杭州,2015-3-22,晴转多云,20C～8C,东风微风级
杭州,2015-3-23,阴转多云,15C～6C,东风微风级
杭州,2015-3-24,晴,17C～7C,东风微风级
杭州,2015-3-25,多云转晴,18C～8C,东风3～4级
杭州,2015-3-26,阵雨,18C～10C,东风微风级
杭州,2015-3-27,阴,16C～9C,东北风3～4级
杭州,2015-3-28,晴,22C～12C,东风微风级
杭州,2015-3-29,多云转中雨,26C～14C,南风微风级
杭州,2015-3-30,中雨转多云,19C～17C,南风微风级
杭州,2015-3-31,多云,30C～20C,西南风微风级
杭州,2015-4-1,多云,31C～21C,南风微风级
杭州,2015-4-2,雷阵雨转中雨,35C～17C,南风3～4级
杭州,2015-4-3,阵雨转阴,19C～15C,东北风3～4级
杭州,2015-4-4,阵雨,23C～16C,东南风微风级
杭州,2015-4-5,中雨,10C,东北风 4-5级
杭州,2015-4-6,中雨,13C～6C,东北风5～6级
杭州,2015-4-7,中雨转小雨,9C～4C,东北风4～5级
杭州,2015-4-8,多云,14C～6C,东北风3～4级
杭州,2015-4-9,阴,9C,东风 微风
杭州,2015-4-10,多云,17C～9C,东风 微风
杭州,2015-4-11,多云转阴,20C～10C,东风 微风
杭州,2015-4-12,多云转阵雨,23C～11C,东风微风级
杭州,2015-4-13,多云转阴,19C～8C,北风4～5级
杭州,2015-4-14,多云转晴,20C～10C,西北风4～5级
杭州,2015-4-15,多云转阴,24C～15C,西南风4～5级
杭州,2015-4-16,多云,26C～13C,北风3～4级
杭州,2015-4-17,多云,27C～17C,东南风 3-4级转微风
杭州,2015-4-18,阵雨转中雨,27C～20C,南风微风
杭州,2015-4-19,阵雨转大雨,26C～13C,北风 微风转4-5级
杭州,2015-4-20,多云,9C, 3-4级
杭州,2015-4-21,晴,21C～10C,东北风 3-4级转微风
杭州,2015-4-22,晴,13C,东南风 微风
杭州,2015-4-23,多云,26C～14C,东南风 微风
杭州,2015-4-24,多云,13C,东风 微风
杭州,2015-4-25,晴,15C,东南风 微风
杭州,2015-4-26,多云,16C,东南风 3-4级
杭州,2015-4-27,多云,19C,南风 微风
杭州,2015-4-28,雷阵雨,19C, 3-4级
杭州,2015-4-29,多云,17C,西北风 3-4级
杭州,2015-4-30,晴,15C,东北风 微风
杭州,2015-5-1,中雨,19C,东南风 微风
杭州,2015-5-2,阴,16C,西风 微风
杭州,2015-5-3,多云,17C, 微风
杭州,2015-5-4,阵雨,15C,东风 微风
杭州,2015-5-5,阵雨,17C,东南风 3-4级
杭州,2015-5-6,多云,18C,南风 微风
杭州,2015-5-7,多云,19C,东南风 微风
杭州,2015-5-8,中到大雨,18C, 3-4级
杭州,2015-5-9,多云,16C,东风 3-4级
杭州,2015-5-10,阵雨,17C,东风 3-4级
杭州,2015-5-11,小雨,13C, 4-5级
杭州,2015-5-12,晴,14C, 微风
杭州,2015-5-13,阵雨,22C, 微风
杭州,2015-5-14,阵雨,21C,南风 3-4级
杭州,2015-5-15,大到暴雨,18C,东北风 3-4级
杭州,2015-5-16,小雨,16C, 微风
杭州,2015-5-17,阵雨,21C,东南风 微风
杭州,2015-5-18,中雨转阴,26C～20C,南风微风级
杭州,2015-5-19,多云,20C,东风 微风
杭州,2015-5-20,多云,15C,东风 3-4级
杭州,2015-5-21,晴,14C,东风 微风
杭州,2015-5-22,多云,18C,东风 3-4级
杭州,2015-5-23,阴,19C, 微风
杭州,2015-5-24,多云,18C,东风 微风
杭州,2015-5-25,多云,19C, 微风
杭州,2015-5-26,阴,20C,东风 3-4级
杭州,2015-5-27,阵雨,21C,东风 微风
杭州,2015-5-28,阵雨,22C, 微风
杭州,2015-5-29,中雨,22C, 微风
杭州,2015-5-30,阴,20C,东北风 微风
杭州,2015-5-31,多云,20C,东风 微风
杭州,2015-6-1,阵雨,24C,西南风 微风
杭州,2015-6-2,大雨,21C,东北风 微风
杭州,2015-6-3,小雨,19C,东北风 微风
杭州,2015-6-4,阵雨,18C,西风 微风
杭州,2015-6-5,多云,29C～19C,微风
杭州,2015-6-6,多云转阴,31.5C～21C,东南风微风
杭州,2015-6-7,中雨,21C, 微风
杭州,2015-6-8,中雨,20C,东北风 微风
杭州,2015-6-9,中雨,23C～20C,东南风微风
杭州,2015-6-10,阵雨,27.5C～23C,西南风微风
杭州,2015-6-11,多云,31.5C～23.5C,西风微风/西南风3~4级
杭州,2015-6-12,多云转阴,33C～22C,微风
杭州,2015-6-13,阴转阵雨,31C～22C,微风
杭州,2015-6-14,中雨,25C～22C,西南风3~4级
杭州,2015-6-15,阵雨,23C,微风
杭州,2015-6-16,中雨转阵雨,29C～23C, 微风
杭州,2015-6-17,大到暴雨,21C, 微风
杭州,2015-6-18,中雨转阴,24C～20C,北风 微风
杭州,2015-6-19,多云,29C～21C,东风微风
杭州,2015-6-20,多云,22C,东风微风
杭州,2015-6-21,阵雨转中雨,27C～22C,东南风微风/南风微风
杭州,2015-6-22,阴,21C,东风微风
杭州,2015-6-23,阴转多云,31.5C～24C,微风
杭州,2015-6-24,雷阵雨,26C,南风微风
杭州,2015-6-25,多云,35.5C～27C,西南风微风
杭州,2015-6-26,雷阵雨转阵雨,32C～25C,西南风微风
杭州,2015-6-27,雷阵雨转阵雨,32.5C～25.5C,东北风微风
杭州,2015-6-28,阵雨转阴,27.5C～23C,东北风微风/东风微风
杭州,2015-6-29,多云,25C,西南风微风
杭州,2015-6-30,多云转雷阵雨,35C～23C,西南风微风
杭州,2015-7-1,阴,21C,东北风微风
杭州,2015-7-2,多云转阴,29C～21C,东风微风
杭州,2015-7-3,阴转多云,29.5C～22.5C,微风
杭州,2015-7-4,阵雨,18C,微风
杭州,2015-7-5,中雨,21C～18C,微风
杭州,2015-7-6,中雨转阵雨,20.5C～18.5C,东北风微风
杭州,2015-7-7,阵雨,21C～19C,北风微风/东北风微风
杭州,2015-7-8,小雨,21C,东北风3~4级
杭州,2015-7-9,阵雨,28C～24C,东北风3~4级
杭州,2015-7-10,中雨转中到大雨,25C～23C,东北风6~7级/东北风8~9级
杭州,2015-7-11,暴雨转大雨,26C～24C,东北风8~9级/北风7~8级
杭州,2015-7-12,阴转多云,30C～24C,西北风5~6级/西风3~4级
杭州,2015-7-13,晴,25C,西南风微风
杭州,2015-7-14,晴转多云,35.5C～24C,东北风微风/东风微风
杭州,2015-7-15,多云,24C,东风微风
杭州,2015-7-16,多云转阴,31C～24C,东风微风
杭州,2015-7-17,雷阵雨,25C,微风
杭州,2015-7-18,雷阵雨转阵雨,31C～25C,微风
杭州,2015-7-19,阴转多云,31C～25C,微风
杭州,2015-7-20,阴,25C,东北风微风
杭州,2015-7-21,阵雨,25C,东北风 微风
杭州,2015-7-22,阵雨,25C, 微风
杭州,2015-7-23,雷阵雨,32C～26C,微风
杭州,2015-7-24,雷阵雨转阴,33.5C～26C,西南风微风
杭州,2015-7-25,多云,26C,西南风 微风
杭州,2015-7-26,雷阵雨转晴,35C～26C,西南风 微风
杭州,2015-7-27,晴,37.5C～27C,微风
杭州,2015-7-28,晴,27C,西南风 微风
杭州,2015-7-29,晴,27C, 微风
杭州,2015-7-30,多云,26C,西南风 微风
杭州,2015-7-31,晴转多云,37C～27C,西南风微风
杭州,2015-8-1,晴,37.5C～27.5C,微风
杭州,2015-8-2,晴,27C,西南风 微风
杭州,2015-8-3,晴,28C,西南风微风
杭州,2015-8-4,晴,39C～28C,西南风微风
杭州,2015-8-5,晴,27C,西南风微风
杭州,2015-8-6,晴,26C,微风
杭州,2015-8-7,阵雨,26C,东风3~4级
杭州,2015-8-8,中雨,31C～26C,东风 5-6级
杭州,2015-8-9,中雨转雷阵雨,30C～26C,东风5~6级
杭州,2015-8-10,中到大雨转阵雨,30C～26C,南风 5-6级
杭州,2015-8-11,阵雨,31C～25C,西南风 4-5级转3-4级
杭州,2015-8-12,多云,24C,东北风 微风
杭州,2015-8-13,雷阵雨转多云,30C～24C,东北风 微风
杭州,2015-8-14,阴,24C,东风 微风
杭州,2015-8-15,雷阵雨转阵雨,30C～25C,东风 微风
杭州,2015-8-16,阵雨转阴,30C～24C,东风 微风
杭州,2015-8-17,多云,24C,东风 微风
杭州,2015-8-18,多云,32C～24C,东风 微风
杭州,2015-8-19,多云,32C～24C,东风 微风
杭州,2015-8-20,中雨转中到大雨,33C～24.5C,东南风微风/北风3~4级
杭州,2015-8-21,中雨,23C, 微风
杭州,2015-8-22,中雨,26C～23C,东北风 微风
杭州,2015-8-23,阵雨,26C～23C,东北风 5-6级
杭州,2015-8-24,阴,22C,西北风 4-5级
杭州,2015-8-25,多云,29C～21C,西北风 3-4级转微风
杭州,2015-8-26,多云,22C, 微风
杭州,2015-8-27,多云,22C,微风
杭州,2015-8-28,多云,22C, 微风
杭州,2015-8-29,多云,31C～22C, 微风
杭州,2015-8-30,多云,31C～22C, 微风
杭州,2015-8-31,多云,31C～22C, 微风
杭州,2015-9-1,多云,32C～23C, 微风
杭州,2015-9-2,多云,22C, 微风
杭州,2015-9-3,多云,32C～23C,北风 微风
杭州,2015-9-4,阵雨,32C～25C,北风 微风
杭州,2015-9-5,中雨转阵雨,29C～24C,东北风 微风
杭州,2015-9-6,多云,29C～22C,西北风 3-4级转微风
杭州,2015-9-7,阴,21C, 3-4级
杭州,2015-9-8,多云,21C, 微风
杭州,2015-9-9,多云,20C,东北风 微风
杭州,2015-9-10,晴,20C,东北风 微风
杭州,2015-9-11,多云,21C,东北风 微风
杭州,2015-9-12,阴,17C, 3-4级
杭州,2015-9-13,多云,18C,东北风 微风
杭州,2015-9-14,小雨,19C,东南风 微风
杭州,2015-9-15,阴,17C,东北风 3-4级
杭州,2015-9-16,多云转晴,26C～19C,北风 3-4级
杭州,2015-9-17,多云,18C,东北风 微风
杭州,2015-9-18,多云,19C,东北风 微风
杭州,2015-9-19,多云,19C,东北风 微风
杭州,2015-9-20,阴,19C,东风 微风
杭州,2015-9-21,阴,20C,东南风 微风
杭州,2015-9-22,阵雨,22C,西南风 微风
杭州,2015-9-23,阴,20C, 微风
杭州,2015-9-24,阵雨,20C,东北风 微风
杭州,2015-9-25,阴,20C,东北风 微风
杭州,2015-9-26,晴,19C,东北风 微风
杭州,2015-9-27,晴,19C,东北风 微风
杭州,2015-9-28,阵雨,21C,东北风 5-6级
杭州,2015-9-29,中雨,22C,东北风 3-4级
杭州,2015-9-30,中雨,24C,西南风 3-4级
杭州,2015-10-1,阴,15C, 4-5级
杭州,2015-10-2,晴,15C,东北风 微风
杭州,2015-10-3,多云,19C,东风 微风
杭州,2015-10-4,小雨,19C,东风 微风
杭州,2015-10-5,阵雨,18C, 微风
杭州,2015-10-6,小雨,19C,东风 微风
杭州,2015-10-7,阵雨,19C,东风 微风
杭州,2015-10-8,小雨,17C, 微风
杭州,2015-10-9,多云,16C, 微风
杭州,2015-10-10,多云,13C, 4-5级
杭州,2015-10-11,晴,12C,微风
杭州,2015-10-12,晴,12C, 微风
杭州,2015-10-13,多云,13C, 微风
杭州,2015-10-14,多云,14C,东风 微风
杭州,2015-10-15,晴,14C,东南风 微风
杭州,2015-10-16,晴,14C,东风 微风
杭州,2015-10-17,晴,15C,东风 微风
杭州,2015-10-18,晴,15C,东风 微风
杭州,2015-10-19,多云,15C,东风 微风
杭州,2015-10-20,阴,17C,东风 微风
杭州,2015-10-21,多云,17C,东风 微风
杭州,2015-10-22,多云,25C～17C,东风 微风
杭州,2015-10-23,阴,18C,东北风 微风
杭州,2015-10-24,多云,18C,东北风 微风
杭州,2015-10-25,多云,18C,东风 微风
杭州,2015-10-26,阵雨,19C, 3-4级
杭州,2015-10-27,多云,11C, 微风
杭州,2015-10-28,阵雨,15C,东北风 微风
杭州,2015-10-29,中雨,13C, 4-5级
杭州,2015-10-30,阴,12C, 3-4级
杭州,2015-10-31,小雨,12C,东北风 微风
杭州,2015-11-1,阴,9C,西北风 微风
杭州,2015-11-2,晴,9C, 微风
杭州,2015-11-3,阴,13C,东南风 微风
杭州,2015-11-4,阵雨,14C,南风 微风
杭州,2015-11-5,多云,18C,南风 微风
杭州,2015-11-6,多云,20C,南风 微风
杭州,2015-11-7,阵雨,14C, 微风
杭州,2015-11-8,阵雨,12C, 4-5级
杭州,2015-11-9,阴,8C, 微风
杭州,2015-11-10,阴,10C,东北风 微风
杭州,2015-11-11,阴,13C, 微风
杭州,2015-11-12,小雨,12C,东北风 微风
杭州,2015-11-13,阴,13C,西北风 微风
杭州,2015-11-14,多云,12C,东北风 微风
杭州,2015-11-15,阵雨,15C,东风 微风
杭州,2015-11-16,中雨,15C,东北风 微风
杭州,2015-11-17,中雨,14C,东北风 微风
杭州,2015-11-18,小雨,13C,东北风 微风
杭州,2015-11-19,阴,13C,东北风 微风
杭州,2015-11-20,中雨,14C,东北风 微风
杭州,2015-11-21,小雨,14C,东北风 微风
杭州,2015-11-22,小雨,15C,东北风 微风
杭州,2015-11-23,小雨,13C,东北风 3-4级
杭州,2015-11-24,小雨,6C,东北风 4~5级
杭州,2015-11-25,多云,3C, 4-5级
杭州,2015-11-26,晴,-2C,西北风 3-4级
杭州,2015-11-27,多云,3C,东风 微风
杭州,2015-11-28,小雨,7C,东南风 微风
杭州,2015-11-29,多云,7C,南风 微风
杭州,2015-11-30,阴,8C,东风 微风
杭州,2015-12-1,小雨,10C,西北风 3~4级
杭州,2015-12-2,小雨转多云,13C～5C,西北风 4-5级
杭州,2015-12-3,晴,3C, 4-5级
杭州,2015-12-4,多云转小雨,11C～5C,西北风 3-4级
杭州,2015-12-5,中雪,1C, 微风
杭州,2015-12-6,多云,1C, 微风
杭州,2015-12-7,晴,5C,东北风 微风
杭州,2015-12-8,多云,8C,东风 微风
杭州,2015-12-9,小雨,11C,东南风 微风
杭州,2015-12-10,阴,10C,西北风 3-4级
杭州,2015-12-11,阴,5C, 微风
杭州,2015-12-12,阴,5C, 微风
杭州,2015-12-13,小雨,7C, 微风
杭州,2015-12-14,阴转小雨,9C～6C,北风 微风
杭州,2015-12-15,霾,2C, 3~4级
杭州,2015-12-16,晴,-1C, 4-5级
杭州,2015-12-17,晴,-2C,东北风 微风
杭州,2015-12-18,晴,1C,东北风 微风
杭州,2015-12-19,阴,6C,东风 微风
杭州,2015-12-20,阴,6C, 微风
杭州,2015-12-21,阴,6C,东北风 微风
杭州,2015-12-22,小雨,9C,东风 微风
杭州,2015-12-23,小雨,9C,东北风 微风
杭州,2015-12-24,小雨,7C, 3-4级
杭州,2015-12-25,多云,3C, 微风
杭州,2015-12-26,多云,7C,南风 微风
杭州,2015-12-27,阴,5C,东北风 3-4级
杭州,2015-12-28,多云,3C,东北风 微风
杭州,2015-12-29,晴,3C, 微风
杭州,2015-12-30,晴,3C, 3-4级
杭州,2015-12-31,晴,3C,南风 微风
杭州,2016-1-1,多云,4C,南风 微风
杭州,2016-1-2,小雨,9C,东北风 微风
杭州,2016-1-3,小雨,10C,东北风 微风
杭州,2016-1-4,小雨,10C, 3-4级
杭州,2016-1-5,小雨,8C,东北风 微风
杭州,2016-1-6,阴,6C, 微风
杭州,2016-1-7,小雨,4C, 3~4级
杭州,2016-1-8,多云,2C,东北风 微风
杭州,2016-1-9,小雨,5C,东风 微风
杭州,2016-1-10,小雨,7C,东北风 3-4级
杭州,2016-1-11,雨夹雪,4C,东北风 4-5级
杭州,2016-1-12,阴,0C, 3-4级
杭州,2016-1-13,多云,1C, 微风
杭州,2016-1-14,阴,3C,东北风 微风
杭州,2016-1-15,多云,3C,东风 微风
杭州,2016-1-16,小雨,7C,东北风 3-4级
杭州,2016-1-17,阴,2C, 3-4级
杭州,2016-1-18,多云,-1C,西北风 3-4级
杭州,2016-1-19,多云,6C～-2C,北风 微风
杭州,2016-1-20,雨夹雪,6C～0C,东北风 3-4级
杭州,2016-1-21,雨夹雪转大雪,2C～1C,东北风 3-4级
杭州,2016-1-22,中雪,-2C, 3-4级
杭州,2016-1-23,小雪转多云,0C～-8C,北风 4-5级
杭州,2016-1-24,晴,-3C～-9C,北风 6-7级转4-5级
杭州,2016-1-25,晴,-4C,南风 微风
杭州,2016-1-26,阴,1C,东南风 微风
杭州,2016-1-27,小雨,3C,东北风 微风
杭州,2016-1-28,中雨,4C, 微风
杭州,2016-1-29,小雨,3C, 3-4级
杭州,2016-1-30,阴,1C,东北风 微风
杭州,2016-1-31,小到中雪,0C,东北风 3-4级
杭州,2016-2-1,阴,-2C, 微风
杭州,2016-2-2,晴,-1C, 微风
杭州,2016-2-3,阴,0C,东北风 微风
杭州,2016-2-4,阴,0C,东北风 微风
杭州,2016-2-5,多云,1C, 微风
杭州,2016-2-6,多云,-1C, 3-4级
杭州,2016-2-7,晴,1C,西北风 4-5级
杭州,2016-2-8,晴,4C,南风 3-4级
杭州,2016-2-9,晴,6C,东南风 微风
杭州,2016-2-10,小雨,11C,南风 4-5级
杭州,2016-2-11,多云,12C,南风 3-4级
杭州,2016-2-12,小雨,16C,南风 3-4级
杭州,2016-2-13,小雨,6C, 5-6级
杭州,2016-2-14,阴,0C, 3-4级
杭州,2016-2-15,晴,0C,西北风 3-4级
杭州,2016-2-16,晴,1C,西北风 微风
杭州,2016-2-17,多云,3C,东风 微风
杭州,2016-2-18,多云,6C,东风 微风
杭州,2016-2-19,阴,5C,西北风 4-5级
杭州,2016-2-20,多云,3C,东北风 微风
杭州,2016-2-21,多云转阵雨,13C～4C,东风 3-4级转微风
杭州,2016-2-22,小雨,6C,东北风 3-4级
杭州,2016-2-23,阴,4C, 3-4级
杭州,2016-2-24,多云,1C,东北风 3~4级
杭州,2016-2-25,多云,5C,东风 微风
杭州,2016-2-26,多云,6C,西南风 微风
杭州,2016-2-27,晴,20C～7C,西南风 微风
杭州,2016-2-28,阴,5C,西北风 5-6级
杭州,2016-2-29,晴,2C,东北风 微风
杭州,2016-3-1,晴,5C,东风 微风
杭州,2016-3-2,晴,9C,南风 微风
杭州,2016-3-3,多云,12C,南风 微风
杭州,2016-3-4,多云,13C,南风 微风
杭州,2016-3-5,阵雨,13C,东北风 微风
杭州,2016-3-6,多云,11C,东风 微风
杭州,2016-3-7,小雨,14C, 6-7级
杭州,2016-3-8,中雨,6C,北风 6-7级
杭州,2016-3-9,小雨,2C, 3-4级
杭州,2016-3-10,多云,0C,东北风 微风
杭州,2016-3-11,晴,1C,东南风 微风
杭州,2016-3-12,小雨,9C,东南风 微风
杭州,2016-3-13,阴,6C, 微风
杭州,2016-3-14,多云,4C,东北风 微风
杭州,2016-3-15,多云,8C,东南风 微风
杭州,2016-3-16,多云,11C,东风 微风
杭州,2016-3-17,阵雨,13C,东风 微风
杭州,2016-3-18,小雨,13C,东北风 微风
杭州,2016-3-19,多云,9C,东北风 3-4级
杭州,2016-3-20,多云,9C,东北风 3-4级
杭州,2016-3-21,阵雨,11C,东风 微风
杭州,2016-3-22,阵雨,11C,东北风 3-4级
杭州,2016-3-23,阴,7C,东北风 4-5级
杭州,2016-3-24,多云,4C, 3-4级
杭州,2016-3-25,晴,3C, 微风
杭州,2016-3-26,阵雨,6C,西风 微风
杭州,2016-3-27,晴,5C,南风 3-4级
杭州,2016-3-28,晴,10C,南风 3-4级
杭州,2016-3-29,阵雨,13C,南风 微风
杭州,2016-3-30,阵雨, 12C ,东南风 微风
杭州,2016-3-31,阴转多云,19C～11C,东北风 微风
杭州,2016-4-1,多云,14C,东南风 微风
杭州,2016-4-2,中到大雨,14C,南风 微风
杭州,2016-4-3,小雨,12C, 3-4级
杭州,2016-4-4,阴,11C,东风 微风
杭州,2016-4-5,阵雨,14C,东南风 微风
杭州,2016-4-6,大雨,17C,南风 微风
杭州,2016-4-7,阴, 14C ,东北风 微风
杭州,2016-4-8,多云,14C,东风 微风
杭州,2016-4-9,阴,14C,东风 微风
杭州,2016-4-10,多云,12C,东风 微风
杭州,2016-4-11,阵雨, 14C ,东南风 3~4级
杭州,2016-4-12,阵雨,17C,东北风 微风
杭州,2016-4-13,多云,16C,东北风 微风
杭州,2016-4-14,阵雨,16C,东风 微风
杭州,2016-4-15,阵雨,17C,东风 微风
杭州,2016-4-16,阵雨, 13C , 5~6级
杭州,2016-4-17,阵雨,12C,东风 微风
杭州,2016-4-18,多云,23C～12C,东风 微风
杭州,2016-4-19,阵雨,15C,东南风 3-4级
杭州,2016-4-20,大雨,16C,南风 微风
杭州,2016-4-21,阴转多云,23C～18C,北风 微风
杭州,2016-4-22,大雨,18C,东南风 3-4级
杭州,2016-4-23,阵雨,13C,东风 微风
杭州,2016-4-24,阵雨, 13C ,东北风 微风
杭州,2016-4-25,阵雨,13C,东北风 微风
杭州,2016-4-26,小雨,14C,东北风 微风
杭州,2016-4-27,多云,13C,西北风 3-4级
杭州,2016-4-28,多云,13C, 微风
杭州,2016-4-29,晴, 14C ,南风 微风
杭州,2016-4-30,多云,17C,南风 3-4级
杭州,2016-5-1,雷阵雨,21C,南风 3-4级
杭州,2016-5-2,中到大雨,18C,西北风 5-6级
杭州,2016-5-3,晴,16C,西北风 3-4级
杭州,2016-5-4,雷阵雨, 21C ,西南风 微风
杭州,2016-5-5,阵雨,22C,南风 3-4级
杭州,2016-5-6,多云,22C,东风 微风
杭州,2016-5-7,中雨,14C,东北风 3-4级
杭州,2016-5-8,阵雨,15C,东北风 微风
杭州,2016-5-9,大雨,17C, 3-4级
杭州,2016-5-10,多云,13C, 3-4级
杭州,2016-5-11,晴,15C,东南风 微风
杭州,2016-5-12,多云,19C,西南风 微风
杭州,2016-5-13,阴,17C,东北风 微风
杭州,2016-5-14,多云,23C,东南风 3-4级
杭州,2016-5-15,中雨,14C, 4-5级
杭州,2016-5-16,晴,12C,东北风 微风
杭州,2016-5-17,多云,13C,东风 微风
杭州,2016-5-18,多云,15C,东风 微风
杭州,2016-5-19,阵雨,18C,东风 3-4级
杭州,2016-5-20,中到大雨, 18C ,东风 微风
杭州,2016-5-21,阵雨,19C,东北风 3-4级
杭州,2016-5-22,多云,18C, 3-4级
杭州,2016-5-23,阵雨,20C, 微风
杭州,2016-5-24,多云,17C,东风 微风
杭州,2016-5-25,阵雨,23C,东南风 微风
杭州,2016-5-26,中雨,23C,东北风 微风
杭州,2016-5-27,阵雨,21C, 微风
杭州,2016-5-28,中到大雨,21C, 微风
杭州,2016-5-29,阴,20C, 微风
杭州,2016-5-30,阴,21C,东风 微风
杭州,2016-5-31,中雨,24C,东南风 微风
杭州,2016-6-1,阴,19C,东北风 4-5级
杭州,2016-6-2,中雨,19C,东风 微风
杭州,2016-6-3,小雨,19C,西风 微风
杭州,2016-6-4,多云,17C,西北风 3-4级
杭州,2016-6-5,多云,19C,东风 微风
杭州,2016-6-6,多云,21C,东风 微风
杭州,2016-6-7,雷阵雨,21C,东风 微风
杭州,2016-6-8,多云, 21C ,东北风 微风
杭州,2016-6-9,多云,21C,东南风 微风
杭州,2016-6-10,多云,23C,东南风 微风
杭州,2016-6-11,中雨,24C,南风 微风
杭州,2016-6-12,阵雨,20C,东北风 微风
杭州,2016-6-13,多云,21C,东南风 微风
杭州,2016-6-14,多云,25C,南风 微风
杭州,2016-6-15,中雨,22C,西北风 3-4级
杭州,2016-6-16,阴,20C, 微风
杭州,2016-6-17,多云,22C,南风 微风
杭州,2016-6-18,雷阵雨,24C,南风 4-5级
杭州,2016-6-19,阵雨,23C,南风 3-4级
杭州,2016-6-20,多云,25C,南风 微风
杭州,2016-6-21,多云,26C,南风 3-4级
杭州,2016-6-22,雷阵雨转多云,35C～27C,西南风 3-4级转微风
杭州,2016-6-23,多云,27C,西南风 微风
杭州,2016-6-24,中到大雨,24C, 4-5级
杭州,2016-6-25,大雨,20C,东北风 微风
杭州,2016-6-26,阵雨, 20C ,东风 微风
杭州,2016-6-27,阵雨,23C,东南风 微风
杭州,2016-6-28,中雨,23C,南风 微风
杭州,2016-6-29,多云,23C,南风 微风
杭州,2016-6-30,多云,26C,西南风 4-5级
杭州,2016-7-1,多云,26C,西南风 3-4级
杭州,2016-7-2,多云,25C,西南风 微风
杭州,2016-7-3,阵雨,25C,南风 微风
杭州,2016-7-4,阵雨,26C,南风 3-4级
杭州,2016-7-5,多云,26C,东南风 微风
杭州,2016-7-6,晴,26C,东风 微风
杭州,2016-7-7,多云,25C,东风 微风
杭州,2016-7-8,阴,25C,东风 3-4级
杭州,2016-7-9,阵雨,26C,东风 4-5级
杭州,2016-7-10,中到大雨,26C,东风 3-4级
杭州,2016-7-11,阴,26C,南风 微风
杭州,2016-7-12,多云,27C,东南风 微风
杭州,2016-7-13,阵雨,27C,南风 微风
杭州,2016-7-14,阵雨,27C,西南风 微风
杭州,2016-7-15,中雨,25C,西南风 3-4级
杭州,2016-7-16,阴,24C,东南风 3-4级
杭州,2016-7-17,阴,25C,东南风 微风
杭州,2016-7-18,多云,26C,东南风 微风
杭州,2016-7-19,多云,26C,西南风 3-4级
杭州,2016-7-20,晴,27C,西南风 微风
杭州,2016-7-21,晴,27C,西南风 3-4级
杭州,2016-7-22,晴,28C,西南风 3-4级
杭州,2016-7-23,晴, 28C ,西南风 微风
杭州,2016-7-24,晴,29C,东南风 微风
杭州,2016-7-25,晴,29C,东风 微风
杭州,2016-7-26,晴,29C,南风 微风
杭州,2016-7-27,晴,28C, 微风
杭州,2016-7-28,晴,29C,西南风 微风
杭州,2016-7-29,晴,29C,东南风 微风
杭州,2016-7-30,晴,28C,东风 微风
杭州,2016-7-31,多云,28C,东风 微风
杭州,2016-8-1,多云,27C,东南风 微风
杭州,2016-8-2,多云, 28C ,西南风 微风
杭州,2016-8-3,多云,26C, 微风
杭州,2016-8-4,雷阵雨,26C,西北风 微风
杭州,2016-8-5,多云,26C,西北风 微风
杭州,2016-8-6,多云,26C,东风 微风
杭州,2016-8-7,多云,27C,东风 3-4级
杭州,2016-8-8,阵雨,26C,东风 3-4级
杭州,2016-8-9,多云,26C,东风 3-4级
杭州,2016-8-10,多云,27C,东风 3-4级
杭州,2016-8-11,晴,27C,东风 微风
杭州,2016-8-12,多云,28C,东风 微风
杭州,2016-8-13,多云,27C,东风 微风
杭州,2016-8-14,多云,28C,东风 微风
杭州,2016-8-15,多云,27C,东风 微风
杭州,2016-8-16,多云,27C,东风 微风
杭州,2016-8-17,多云,28C,东风 微风
杭州,2016-8-18,多云,28C,东南风 微风
杭州,2016-8-19,多云,28C,东南风 微风
杭州,2016-8-20,雷阵雨,27C,东北风 微风
杭州,2016-8-21,阵雨转多云,35C～27C,北风 3-4级转微风
杭州,2016-8-22,多云,27C,东北风 微风
杭州,2016-8-23,多云,26C,东北风 微风
杭州,2016-8-24,多云,26C,东北风 微风
杭州,2016-8-25,多云,26C,东北风 微风
杭州,2016-8-26,阵雨,24C,西北风 4-5级
杭州,2016-8-27,多云,23C, 5-6级
杭州,2016-8-28,晴,20C, 微风
杭州,2016-8-29,晴,21C, 3-4级
杭州,2016-8-30,晴, 21C ,西南风 3~4级
杭州,2016-8-31,多云,23C,西南风 微风
杭州,2016-9-1,多云,24C,南风 3-4级
杭州,2016-9-2,晴,22C,东北风 3-4级
杭州,2016-9-3,多云,23C,东北风 3-4级
杭州,2016-9-4,阵雨,24C,东北风 微风
杭州,2016-9-5,阵雨,24C,东北风 3-4级
杭州,2016-9-6,小到中雨,22C,东北风 微风
杭州,2016-9-7,小雨转阴,27C～21C,东北风 微风
杭州,2016-9-8,多云,22C,东风 微风
杭州,2016-9-9,阵雨,24C,东风 微风
杭州,2016-9-10,阵雨,22C,东风 微风
杭州,2016-9-11,小雨,19C,东风 微风
杭州,2016-9-12,多云,21C,东北风 3-4级
杭州,2016-9-13,小到中雨,21C,东北风 3-4级
杭州,2016-9-14,阵雨,21C,东北风 3-4级
杭州,2016-9-15,大雨,22C,东风 4-5级
杭州,2016-9-16,阵雨,22C,东北风 3-4级
杭州,2016-9-17,阵雨,22C, 3-4级
杭州,2016-9-18,多云,22C, 5-6级
杭州,2016-9-19,阴,20C, 3-4级
杭州,2016-9-20,多云,19C, 3-4级
杭州,2016-9-21,阴,19C,东北风 微风
杭州,2016-9-22,多云,20C,东风 微风
杭州,2016-9-23,多云,21C,东风 微风
杭州,2016-9-24,多云, 21C ,东风 微风
杭州,2016-9-25,多云,21C,东风 3-4级
杭州,2016-9-26,多云,24C,东北风 微风
杭州,2016-9-27,中雨,24C,东北风 4-5级
杭州,2016-9-28,中雨,22C,东北风 5-6级
杭州,2016-9-29,阵雨,20C, 4-5级
杭州,2016-9-30,阴,23C, 微风
杭州,2016-10-1,阵雨,23C,南风 微风
杭州,2016-10-2,阵雨,23C, 3-4级
杭州,2016-10-3,阴, 21C , 3~4级
杭州,2016-10-4,阴,21C, 3-4级
杭州,2016-10-5,阴,22C, 3-4级
杭州,2016-10-6,阴,21C,东北风 3-4级
杭州,2016-10-7,中雨,19C, 4-5级
杭州,2016-10-8,阴,17C,东北风 4-5级
杭州,2016-10-9,多云,16C,东北风 4-5级
杭州,2016-10-10,多云,15C,东北风 3-4级
杭州,2016-10-11,阴,17C,东北风 3-4级
杭州,2016-10-12,阴, 18C ,东北风 微风
杭州,2016-10-13,阴,18C,东北风 微风
杭州,2016-10-14,小雨,18C,东北风 3-4级
杭州,2016-10-15,阴,19C,东北风 微风
杭州,2016-10-16,小雨转阴,26C～20C,东北风 微风
杭州,2016-10-17,阴,19C,东北风 微风
杭州,2016-10-18,小雨,19C,东风 微风
杭州,2016-10-19,阵雨,20C,东风 3-4级
杭州,2016-10-20,小雨,20C,东风 3-4级
杭州,2016-10-21,小雨, 21C ,东北风 3~4级
杭州,2016-10-22,中雨,20C,东北风 5-6级
杭州,2016-10-23,小雨,18C, 微风
杭州,2016-10-24,阴,19C, 3-4级
杭州,2016-10-25,阴,19C, 3-4级
杭州,2016-10-26,阵雨,19C,东北风 4-5级
杭州,2016-10-27,阴,17C,西北风 3-4级
杭州,2016-10-28,小雨,13C, 4-5级
杭州,2016-10-29,阴,12C,东风 3-4级
杭州,2016-10-30,阴,13C, 4-5级
杭州,2016-10-31,小雨,12C, 4-5级
杭州,2016-11-1,阴, 8C ,东北风 3~4级
杭州,2016-11-2,多云,9C,东风 微风
杭州,2016-11-3,晴,11C,南风 微风
杭州,2016-11-4,晴,11C,东风 微风
杭州,2016-11-5,晴,24C～14C,南风 微风
杭州,2016-11-6,多云,15C,东风 微风
杭州,2016-11-7,中雨,14C, 6-7级
杭州,2016-11-8,阴,9C,北风 4-5级
杭州,2016-11-9,小雨,10C,东北风 3-4级
杭州,2016-11-10,多云,7C,西南风 微风
杭州,2016-11-11,多云,9C,南风 微风
杭州,2016-11-12,阴,13C,南风 微风
杭州,2016-11-13,小雨,15C,东南风 微风
杭州,2016-11-14,阴,15C,东北风 4-5级
杭州,2016-11-15,阴,12C,东北风 4-5级
杭州,2016-11-16,小雨,14C,东风 3-4级
杭州,2016-11-17,阴,15C,西南风 微风
杭州,2016-11-18,多云, 18C ,东风 微风
杭州,2016-11-19,阵雨,17C,东北风 微风
杭州,2016-11-20,阵雨,16C,东北风 微风
杭州,2016-11-21,小雨,13C, 4-5级
杭州,2016-11-22,小雨,7C,北风 5-6级
杭州,2016-11-23,阴,2C, 4-5级
杭州,2016-11-24,多云,3C, 微风
杭州,2016-11-25,小雨,6C,西北风 微风
杭州,2016-11-26,多云,3C,西北风 微风
杭州,2016-11-27,晴,4C, 微风
杭州,2016-11-28,晴,5C,东北风 微风
杭州,2016-11-29,阴,8C,西北风 微风
杭州,2016-11-30,多云, 7C , 微风
杭州,2016-12-1,晴,5C,东北风 3-4级
杭州,2016-12-2,多云,7C,东风 微风
杭州,2016-12-3,阴, 9C ,东南风 微风
杭州,2016-12-4,多云,8C,西南风 微风
杭州,2016-12-5,阴,8C, 4-5级
杭州,2016-12-6,晴, 3C ,西南风 微风
杭州,2016-12-7,晴,5C,西南风 微风
杭州,2016-12-8,晴,7C,东北风 微风
杭州,2016-12-9,多云,7C,东北风 微风
杭州,2016-12-10,阴, 7C ,东北风 微风
杭州,2016-12-11,多云,9C,东风 3-4级
杭州,2016-12-12,小雨,10C, 4-5级
杭州,2016-12-13,小雨,7C, 4-5级
杭州,2016-12-14,多云,1C, 3-4级
杭州,2016-12-15,晴,0C, 3-4级
杭州,2016-12-16,晴, 0C ,南风 微风
杭州,2016-12-17,多云,5C,南风 微风
杭州,2016-12-18,多云,7C,南风 微风
杭州,2016-12-19,阴转小雨,17C～11C,东南风 微风
杭州,2016-12-20,小雨,12C,东北风 微风
杭州,2016-12-21,小雨,9C,西北风 4-5级
杭州,2016-12-22,晴,4C, 3-4级
杭州,2016-12-23,晴,3C, 微风
杭州,2016-12-24,多云,6C,东风 微风
杭州,2016-12-25,小雨, 9C ,东风 微风
杭州,2016-12-26,小雨,6C, 5-6级
杭州,2016-12-27,多云,0C,东北风 3-4级
杭州,2016-12-28,多云,1C,东北风 3-4级
杭州,2016-12-29,多云, 2C ,东风 微风
杭州,2016-12-30,晴,2C,东风 微风
杭州,2016-12-31,晴,5C,东南风 3-4级
杭州,2017-1-1,多云, 7C ,西风 微风
杭州,2017-1-2,多云,9C,东北风 微风
杭州,2017-1-3,多云,9C, 微风
杭州,2017-1-4,小雨, 11C ,东风 3~4级
杭州,2017-1-5,小雨,11C,东北风 3-4级
杭州,2017-1-6,小雨,8C,东风 3-4级
杭州,2017-1-7,阴,7C,西北风 3-4级
杭州,2017-1-8,多云,7C,北风 3-4级
杭州,2017-1-9,多云,3C,东北风 3-4级
杭州,2017-1-10,阴,4C,东北风 微风
杭州,2017-1-11,小雨,4C, 3-4级
杭州,2017-1-12,阴,2C, 3-4级
杭州,2017-1-13,晴,1C,东北风 3-4级
杭州,2017-1-14,晴, 2C ,东北风 3~4级
杭州,2017-1-15,多云,1C,东北风 3-4级
杭州,2017-1-16,多云,2C,东北风 3-4级
杭州,2017-1-17,小雨,5C,东北风 微风
杭州,2017-1-18,小雨,5C,东北风 微风
杭州,2017-1-19,多云,1C,西北风 5-6级
杭州,2017-1-20,晴,-3C, 3-4级
杭州,2017-1-21,晴, -1C , 4~5级
杭州,2017-1-22,晴,-2C,东北风 微风
杭州,2017-1-23,晴,0C,东风 微风
杭州,2017-1-24,多云,3C,东风 微风
杭州,2017-1-25,多云,2C,东风 微风
杭州,2017-1-26,晴,4C, 微风
杭州,2017-1-27,多云,5C,东北风 微风
杭州,2017-1-28,多云,8C,南风 微风
杭州,2017-1-29,小雨,5C, 4-5级
杭州,2017-1-30,多云,0C,东北风 4-5级
杭州,2017-1-31,阴,3C,东北风 3-4级
杭州,2017-2-1,多云, 2C ,东北风 3~4级
杭州,2017-2-2,多云,4C,东南风 微风
杭州,2017-2-3,小雨,7C,东北风 微风
杭州,2017-2-4,阴,6C,东北风 微风
杭州,2017-2-5,多云,4C, 3-4级
杭州,2017-2-6,多云,3C,东北风 3-4级
杭州,2017-2-7,小雨,4C,东北风 3-4级
杭州,2017-2-8,雨夹雪,0C, 微风
杭州,2017-2-9,晴,-1C,西北风 4-5级
杭州,2017-2-10,晴,-1C, 4-5级
杭州,2017-2-11,晴,0C, 微风
杭州,2017-2-12,晴, 1C ,东南风 微风
杭州,2017-2-13,晴,3C,东南风 微风
杭州,2017-2-14,多云,4C,东南风 微风
杭州,2017-2-15,阴,7C,南风 微风
杭州,2017-2-16,多云,12C,南风 微风
杭州,2017-2-17,小雨,6C,东北风 3-4级
杭州,2017-2-18,多云,5C,南风 3-4级
杭州,2017-2-19,阵雨,15C,西南风 微风
杭州,2017-2-20,阴,5C,东北风 4-5级
杭州,2017-2-21,小雨,8C, 3-4级
杭州,2017-2-22,小雨,2C, 4-5级
杭州,2017-2-23,多云,2C,东北风 微风
杭州,2017-2-24,多云,3C,东北风 微风
杭州,2017-2-25,多云,4C,南风 微风
杭州,2017-2-26,晴,5C,东风 微风
杭州,2017-2-27,晴,6C,东南风 微风
杭州,2017-2-28,多云,6C,南风 微风
杭州,2017-3-1,多云,4C,西北风 4-5级
杭州,2017-3-2,晴,13C～2C,北风 4-5级转3-4级
杭州,2017-3-3,多云, 5C ,东南风 微风
杭州,2017-3-4,小雨,11C,东风 微风
杭州,2017-3-5,小雨,8C, 3-4级
杭州,2017-3-6,晴,3C,东北风 3-4级
杭州,2017-3-7,晴,5C,北风 微风
杭州,2017-3-8,晴,6C,南风 微风
杭州,2017-3-9,多云,9C,东南风 微风
杭州,2017-3-10,阴,10C,东南风 3-4级
杭州,2017-3-11,阴,10C,东南风 3-4级
杭州,2017-3-12,大雨,9C,东北风 4-5级
杭州,2017-3-13,小雨,5C,东北风 4-5级
杭州,2017-3-14,晴,3C, 3-4级
杭州,2017-3-15,小雨,7C,东风 微风
杭州,2017-3-16,多云,6C,东风 微风
杭州,2017-3-17,小雨,9C,东风 微风
杭州,2017-3-18,小雨,9C,东北风 微风
杭州,2017-3-19,中雨,10C,东风 3-4级
杭州,2017-3-20,阴,9C,西北风 3-4级
杭州,2017-3-21,阵雨, 8C ,东北风 微风
杭州,2017-3-22,小雨,8C,东风 微风
杭州,2017-3-23,阴转小雨,13C～9C,北风 微风
杭州,2017-3-24,小雨,8C,东北风 微风
杭州,2017-3-25,多云,7C,西北风 3-4级
杭州,2017-3-26,晴,7C,西北风 3-4级
杭州,2017-3-27,多云,10C,南风 3-4级
杭州,2017-3-28,多云,12C, 微风
杭州,2017-3-29,小雨,12C,东北风 微风
杭州,2017-3-30,中雨,9C, 3-4级
杭州,2017-3-31,阴,7C, 微风
杭州,2017-4-1,多云,8C, 3-4级
杭州,2017-4-2,晴,9C,东南风 微风
杭州,2017-4-3,多云,12C,东南风 3-4级
杭州,2017-4-4,多云,16C,东南风 微风
杭州,2017-4-5,阵雨,18C,南风 微风
杭州,2017-4-6,大雨, 16C ,东北风 3~4级
杭州,2017-4-7,阴,15C,东北风 3-4级
杭州,2017-4-8,中到大雨,16C,东北风 4-5级
杭州,2017-4-9,小到中雨,11C,东北风 微风
杭州,2017-4-10,小雨,10C, 3-4级
杭州,2017-4-11,阴,10C, 3-4级
杭州,2017-4-12,晴,8C,东风 微风
杭州,2017-4-13,晴,11C,南风 微风
杭州,2017-4-14,晴,15C,南风 3-4级
杭州,2017-4-15,多云,18C,东南风 微风
杭州,2017-4-16,中雨,21C,西南风 微风
杭州,2017-4-17,多云,15C,西南风 3-4级
杭州,2017-4-18,多云,17C,西北风 3-4级
杭州,2017-4-19,中雨,19C,东南风 微风
杭州,2017-4-20,小雨,16C,西北风 3-4级
杭州,2017-4-21,多云,13C,北风 3-4级
杭州,2017-4-22,晴,11C,东南风 3-4级
杭州,2017-4-23,晴, 13C ,东南风 微风
杭州,2017-4-24,多云,16C,东南风 微风
杭州,2017-4-25,大雨,17C,南风 3-4级
杭州,2017-4-26,阴,13C, 3-4级
杭州,2017-4-27,多云,11C,西风 微风
杭州,2017-4-28,晴,13C,南风 3-4级
杭州,2017-4-29,晴, 14C ,西南风 微风
杭州,2017-4-30,多云,18C,西南风 微风
杭州,2017-5-1,中到大雨, 18C ,东南风 3~4级
杭州,2017-5-2,阴,16C,东风 4-5级
杭州,2017-5-3,小雨,19C,东南风 3-4级
杭州,2017-5-4,阴,17C, 3-4级
杭州,2017-5-5,多云,15C, 3-4级
杭州,2017-5-6,多云,16C,东北风 3-4级
杭州,2017-5-7,小雨,17C,东南风 3-4级
杭州,2017-5-8,中雨转小雨,22C～18C,东南风 3-4级转4-5级
杭州,2017-5-9,晴,16C,西南风 微风
杭州,2017-5-10,晴,18C,西南风 微风
杭州,2017-5-11,中到大雨, 18C , 4~5级
杭州,2017-5-12,阴,16C,西南风 微风
杭州,2017-5-13,晴,17C,西南风 微风
杭州,2017-5-14,多云,18C,东北风 微风
杭州,2017-5-15,阵雨,18C,东北风 微风
杭州,2017-5-16,阴,15C,东北风 微风
杭州,2017-5-17,晴,15C,东南风 微风
杭州,2017-5-18,晴,17C,东南风 微风
杭州,2017-5-19,多云,19C,东南风 3-4级
杭州,2017-5-20,多云,19C,东南风 3-4级
杭州,2017-5-21,多云,30C～20C,东南风 3-4级
杭州,2017-5-22,阴,21C,东南风 3-4级
杭州,2017-5-23,阵雨, 19C , 4~5级
杭州,2017-5-24,多云,16C, 微风
杭州,2017-5-25,晴,17C,北风 微风
杭州,2017-5-26,晴,31C～16C,东北风 微风
杭州,2017-5-27,晴,19C,东南风 微风
杭州,2017-5-28,晴,19C,东南风 微风
杭州,2017-5-29,晴,20C,东南风 微风
杭州,2017-5-30,多云,22C,南风 微风
杭州,2017-5-31,阵雨,24C,东南风 微风
杭州,2017-6-1,阴,21C,东北风 3-4级
杭州,2017-6-2,多云,22C,东风 微风
杭州,2017-6-3,晴,21C,东风 微风
杭州,2017-6-4,阵雨,20C,东风 3-4级
杭州,2017-6-5,阵雨,18C,南风 3-4级
杭州,2017-6-6,阴, 20C ,西北风 4~5级
杭州,2017-6-7,多云,21C,西北风 微风
杭州,2017-6-8,多云转阴,32C～22C,东南风 微风
杭州,2017-6-9,阵雨,23C,南风 3-4级
杭州,2017-6-10,中到大雨,22C,东北风 4-5级
杭州,2017-6-11,中到大雨,20C,东风 3-4级
杭州,2017-6-12,中雨转中到大雨,23C～19C,东风 4-5级转3-4级
杭州,2017-6-13,阵雨,19C,东北风 微风
杭州,2017-6-14,多云,19C,东风 微风
杭州,2017-6-15,多云转阴,28C～19C,东风 微风
杭州,2017-6-16,阴,19C,东风 微风
杭州,2017-6-17,多云, 19C ,东南风 微风
杭州,2017-6-18,阴,21C,东南风 微风
杭州,2017-6-19,阵雨,27C～22C,东南风 微风
杭州,2017-6-20,阴,23C,东风 微风
杭州,2017-6-21,中雨,21C,东南风 微风
杭州,2017-6-22,多云,23C,东南风 微风
杭州,2017-6-23,暴雨,22C,南风 微风
杭州,2017-6-24,大雨,23C,西南风 微风
杭州,2017-6-25,阵雨,21C,西南风 微风
杭州,2017-6-26,阴,22C,西南风 微风
杭州,2017-6-27,多云,21C,南风 微风
杭州,2017-6-28,中雨,22C,南风 微风
杭州,2017-6-29,阵雨,24C,南风 微风
杭州,2017-6-30,多云,25C,南风 微风
杭州,2017-7-1,多云,24C,南风 微风
杭州,2017-7-2,多云,25C,南风 微风
杭州,2017-7-3,多云,25C,南风 微风
杭州,2017-7-4,阵雨,25C,南风 微风
杭州,2017-7-5,雷阵雨,25C,南风 微风
杭州,2017-7-6,晴,25C,南风 3-4级
杭州,2017-7-7,多云,27C,南风 3-4级
杭州,2017-7-8,多云,28C,南风 微风
杭州,2017-7-9,阴,27C,南风 微风
杭州,2017-7-10,中雨,25C,西南风 微风
杭州,2017-7-11,多云,26C,西南风 微风
杭州,2017-7-12,晴,28C,西南风 微风
杭州,2017-7-13,多云,27C,西南风 微风
杭州,2017-7-14,多云,28C,西南风 微风
杭州,2017-7-15,晴,27C,南风 3-4级
杭州,2017-7-16,晴,28C,南风 微风
杭州,2017-7-17,晴,28C,南风 微风
杭州,2017-7-18,晴,29C,南风 微风
杭州,2017-7-19,多云,28C,西南风 微风
杭州,2017-7-20,晴转多云,37C～29C,南风 微风
杭州,2017-7-21,晴,29C,西南风 微风
杭州,2017-7-22,晴,29C,西南风 微风
杭州,2017-7-23,晴,40C～29C,南风 微风
杭州,2017-7-24,晴,28C,南风 微风
杭州,2017-7-25,晴,29C,东风 3-4级
杭州,2017-7-26,晴,29C,东风 微风
杭州,2017-7-27,晴,29C,东风 微风
杭州,2017-7-28,晴,28C,东南风 微风
杭州,2017-7-29,多云,27C,东风 3-4级
杭州,2017-7-30,阵雨,27C,东风 4-5级
杭州,2017-7-31,阵雨,28C,东风 4-5级
杭州,2017-8-1,阵雨,26C,东南风 3-4级
杭州,2017-8-2,多云,28C,南风 3-4级
杭州,2017-8-3,晴,29C,南风 微风
杭州,2017-8-4,多云,28C,西南风 3-4级
杭州,2017-8-5,雷阵雨,28C,西南风 微风
杭州,2017-8-6,多云,28C,西南风 微风
杭州,2017-8-7,多云,29C,西南风 微风
杭州,2017-8-8,阵雨,28C,西南风 微风
杭州,2017-8-9,大雨, 25C ,西风 3~4级
杭州,2017-8-10,多云,27C,西南风 微风
杭州,2017-8-11,多云,27C,西南风 微风
杭州,2017-8-12,阵雨,26C,南风 微风
杭州,2017-8-13,多云,27C,西南风 微风
杭州,2017-8-14,雷阵雨, 26C ,西南风 微风
杭州,2017-8-15,阵雨,26C,西风 微风
杭州,2017-8-16,多云, 26C ,西南风 微风
杭州,2017-8-17,多云,26C,西南风 微风
杭州,2017-8-18,多云, 26C ,西南风 微风
杭州,2017-8-19,多云,27C,西南风 微风
杭州,2017-8-20,阵雨,26C,西风 微风
杭州,2017-8-21,多云,25C,东南风 微风
杭州,2017-8-22,多云,26C,东南风 4-5级
杭州,2017-8-23,多云, 37C ～ 27C ,东南风 3~4级
杭州,2017-8-24,晴,27C,西南风 微风
杭州,2017-8-25,多云, 38C ～ 28C ,东南风 微风
杭州,2017-8-26,多云,25C,东南风 微风
杭州,2017-8-27,多云转晴, 37C ～ 27C ,东南风 微风
杭州,2017-8-28,多云,27C,西南风 微风
杭州,2017-8-29,雷阵雨转多云,34C～26C,东北风 微风
杭州,2017-8-30,阵雨,25C,东北风 3-4级
杭州,2017-8-31,阴,23C,东北风 微风
杭州,2017-9-1,多云,29C～22C,东北风 微风
杭州,2017-9-2,多云,23C,东北风 微风
杭州,2017-9-3,多云,24C,东风 3-4级
杭州,2017-9-4,多云,33C～25C,东风 3-4级
杭州,2017-9-5,多云,25C,东北风 微风
杭州,2017-9-6,阵雨,25C, 微风
杭州,2017-9-7,阵雨,29C～24C,北风 微风
杭州,2017-9-8,小雨,23C,东风 3-4级
杭州,2017-9-9,多云,26C,东风 微风
杭州,2017-9-10,阵雨,25C,西南风 微风
杭州,2017-9-11,小雨,22C, 3-4级
杭州,2017-9-12,阴转多云,27C～22C,东北风 3-4级
杭州,2017-9-13,多云,21C,东北风 3-4级
杭州,2017-9-14,阵雨,22C, 5-6级
杭州,2017-9-15,阴,21C, 4-5级
杭州,2017-9-16,多云,28C～19C, 4-5级转3-4级
杭州,2017-9-17,晴,30C～19C,西北风 微风
杭州,2017-9-18,晴,22C,东南风 微风
杭州,2017-9-19,多云转阵雨,31C～21C,东风 微风
杭州,2017-9-20,中雨, 19C ,东北风 微风
杭州,2017-9-21,阵雨转阴, 23C ～ 20C ,东北风 微风
杭州,2017-9-22,阵雨,26C～20C,东风 微风
杭州,2017-9-23,中雨转阵雨,24C～21C,东北风 3-4级转微风
杭州,2017-9-24,多云, 21C ,东风 微风
杭州,2017-9-25,多云,31C～24C,南风 微风
杭州,2017-9-26,多云,32C～24C,西南风 微风
杭州,2017-9-27,小雨,18C,西北风 微风
杭州,2017-9-28,阵雨,17C,东风 微风
杭州,2017-9-29,阵雨,19C,东风 微风
杭州,2017-9-30,多云, 21C ,南风 3~4级
杭州,2017-10-1,多云,23C,西南风 微风
杭州,2017-10-2,阵雨,20C, 4-5级
杭州,2017-10-3,阴,19C,东北风 3-4级
杭州,2017-10-4,阴,18C,东北风 微风
杭州,2017-10-5,小雨,17C, 微风
杭州,2017-10-6,多云,18C,东北风 微风
杭州,2017-10-7,多云,18C,东风 微风
杭州,2017-10-8,晴,20C,东风 3-4级
杭州,2017-10-9,多云, 21C ,东南风 微风
杭州,2017-10-10,多云转小雨, 32C ～ 21C ,东南风 微风
杭州,2017-10-11,阴转小雨,20C～17C,北风转微风 3-4级
杭州,2017-10-12,阴转小雨,17C～15C,北风转东北风 3-4级
杭州,2017-10-13,阴,20C～16C,东北风 3-4级转3-4级
杭州,2017-10-14,阴转阵雨,21C～16C,东北风 3-4级转3-4级
杭州,2017-10-15,阴转中雨,17C～16C,东北风转微风 3-4级转3-4级
杭州,2017-10-16,小雨,18C～16C,北风转微风 3-4级转3-4级
杭州,2017-10-17,阴,20C～15C,北风转微风 3-4级
杭州,2017-10-18,多云,22C～16C,北风转微风 3-4级转3-4级
杭州,2017-10-19,阴,20C～15C,北风转微风 3-4级
杭州,2017-10-20,阴转多云,21C～14C,北风转微风 3-4级转3-4级
杭州,2017-10-21,多云,21C～13C,北风转微风 3-4级转3-4级
杭州,2017-10-22,多云,22C～14C,北风转微风 3-4级转3-4级
杭州,2017-10-23,多云,19C～11C,北风转微风 3-4级
杭州,2017-10-24,晴,20C～10C,北风转东北风 3-4级转3-4级
杭州,2017-10-25,雨,22C～17C,北风转西北风 3-4级转3-4级
杭州,2017-10-26,雨,19C～16C,西北风转北风 3-4级转3-4级
杭州,2017-10-27,阴转多云,22C～13C,北风 3-4级转3-4级
杭州,2017-10-28,多云转晴,22C～13C,北风转微风 3-4级
杭州,2017-10-29,阴转多云,21C～9C,北风转微风 4-5级
杭州,2017-10-30,多云转晴,17C～10C,东北风 3-4级
杭州,2017-10-31,多云转晴,19C～10C,北风转东风 3-4级转3-4级
杭州,2017-11-1,晴,23C～12C,西南风转南风 3-4级转3-4级
杭州,2017-11-3,阴转多云,25C～9C,东北风转微风 3-4级转3-4级
杭州,2017-11-4,多云转晴,16C～9C,北风转东北风 3-4级
杭州,2017-11-5,阴转多云,17C～10C,东风 3-4级
杭州,2017-11-7,阴, 14C , 微风
杭州,2017-11-8,晴, 11C ,东风 3~4级
杭州,2017-11-9,晴转多云,22C～12C,东风转南风 3-4级转3-4级
杭州,2017-11-10,转阴,C～12C,转微风 转
杭州,2017-11-11,多云,17C～12C,东北风转东风 3-4级转3-4级
杭州,2017-11-12,阴, 12C ,东北风 微风
杭州,2017-11-13,小雨, 20C ～ 15C ,东北风 微风
杭州,2017-11-14,雾转小雨,16C～13C,北风转东北风 3-4级转3-4级
杭州,2017-11-15,阴转小雨,17C～13C,东北风转东风 3-4级转3-4级
杭州,2017-11-16,阴转小雨,15C～13C,东风 3-4级
杭州,2017-11-17,小雨,18C～9C,北风 4-5级转4-5级
杭州,2017-11-18,阴,11C～5C,北风转东北风 4-5级
杭州,2017-11-19,多云转小雨,12C～6C,东北风 3-4级转3-4级
杭州,2017-11-20,阴,10C～7C,东北风 3-4级转3-4级
杭州,2017-11-22,多云,15C～6C,北风转微风 3-4级
杭州,2017-11-23,晴,14C～5C,西北风 3-4级转3-4级
杭州,2017-11-24,多云,16C～7C,南风转东南风 3-4级转3-4级
杭州,2017-11-25,阴,16C～9C,南风 3-4级转3-4级
杭州,2017-11-26,多云,16C～6C,北风转东北风 4-5级转4-5级
杭州,2017-11-27,多云, 17C ～ 9C ,东风 微风
杭州,2017-11-28,多云转小雨,18C～12C,北风转东北风 3-4级
杭州,2017-11-29,阴转小雨,12C～8C,东北风转微风 3-4级
杭州,2017-11-30,阴转小雨,9C～6C,东北风 3-4级
杭州,2017-12-1,阴,10C～7C,东北风 3-4级转3-4级
杭州,2017-12-2,多云, 7C ,东风 微风
杭州,2017-12-3,阴, 16C ～ 7C ,东风 微风
杭州,2017-12-4,阴转多云,13C～4C,北风转微风 3-4级转3-4级
杭州,2017-12-5,晴,10C～2C,东北风转东风 3-4级转3-4级
杭州,2017-12-6,多云, 11C ～ 5C ,北风 微风
杭州,2017-12-7,多云,11C～3C,北风转微风 3-4级
杭州,2017-12-8,晴转多云,9C～2C,东北风转微风 3-4级
杭州,2017-12-9,多云转晴,11C～3C,南风 3-4级
杭州,2017-12-10,晴, 3C , 3~4级
杭州,2017-12-11,多云转晴,13C～3C,北风转东风 3-4级
杭州,2017-12-12,多云,11C～4C,东风转东北风 3-4级
杭州,2017-12-13,阴转小雨,9C～6C,东风转东北风 3-4级
杭州,2017-12-14,小雨转阴,8C～6C,东北风 3-4级转3-4级
杭州,2017-12-15,阴转小雨,7C～4C,北风转微风 3-4级
杭州,2017-12-16,阴转多云,5C～-1C,东北风转微风 3-4级转3-4级
杭州,2017-12-17,晴,6C～-2C,北风转微风 3-4级转3-4级
杭州,2017-12-18,晴,9C～0C,西南风转微风 3-4级
杭州,2017-12-19,晴,10C～-1C,北风转西北风 3-4级转3-4级
杭州,2017-12-20,晴,13C～1C,西南风转西北风 3-4级转3-4级
杭州,2017-12-21,晴, 2C ,东南风 微风
杭州,2017-12-22,晴转多云, 15C ～ 4C ,东南风 微风
杭州,2017-12-23,阴,14C～6C,西南风转微风 3-4级转3-4级
杭州,2017-12-24,多云转晴,14C～2C,北风转微风 3-4级
杭州,2017-12-25,晴, 2C ,东北风 微风
杭州,2017-12-26,多云, 3C ,东北风 微风
杭州,2017-12-27,阴转小雨,10C～5C,东风转东南风 3-4级转3-4级
杭州,2017-12-28,小雨, 8C ,东风 微风
杭州,2017-12-29,多云转阴, 14C ～ 8C ,东风 微风
杭州,2017-12-30,阴, 3C , 4~5级
杭州,2017-12-31,晴, 2C , 微风
杭州,2018-1-1,多云, 4C ,东风 微风
杭州,2018-1-2,阴转小雨, 14C ～ 7C ,东风 微风
杭州,2018-1-3,阴转中雨,9C～3C,东北风 3-4级
杭州,2018-1-4,小雨,5C～3C,东北风转微风 3-4级
杭州,2018-1-5,雨夹雪转阴,3C～0C,北风转东北风 3-4级转3-4级
杭州,2018-1-6,阴转小到中雨,5C～4C,东南风 3-4级转3-4级
杭州,2018-1-7,阴转小雨,6C～3C,西北风 3-4级
杭州,2018-1-8,阴转多云,5C～-1C,北风转西北风 3-4级转3-4级
杭州,2018-1-9,晴,9C～-1C,西北风 3-4级
杭州,2018-1-10,晴,10C～-2C,北风转西北风 3-4级
杭州,2018-1-11,晴,7C～-2C,北风转微风 3-4级转3-4级
杭州,2018-1-12,晴,5C～-2C,北风转东北风 3-4级转3-4级
杭州,2018-1-14,阴转多云,13C～3C,西南风转东南风 3-4级转3-4级
杭州,2018-1-15,多云,15C～7C,南风转东南风 3-4级转3-4级
杭州,2018-1-16,阴转小雨,15C～7C,西南风转微风 3-4级转3-4级
杭州,2018-1-18,阴转多云,12C～6C,东北风 3-4级转3-4级
杭州,2018-1-19,阴,13C～7C,东北风 3-4级转3-4级
杭州,2018-1-21,中雨转小雨,8C～5C,东北风转西北风 3-4级
杭州,2018-1-22,多云,12C～4C,微风 3-4级
杭州,2018-1-23,阴转小雨,8C～2C,东北风 3-4级
杭州,2018-1-24,转中到大雪,C～0C,转东北风 转
杭州,2018-1-25,阴转中到大雪,1C～0C,东北风 3-4级
杭州,2018-1-26,阴转小雪,1C～-1C,东北风 3-4级转3-4级
杭州,2018-1-27,阴转中雨,1C～0C,东北风 4-5级转4-5级
杭州,2018-1-28,阴,1C～-3C,北风转微风 4-5级转4-5级
杭州,2018-1-29,多云,2C～-4C,北风 3-4级
杭州,2018-1-30,多云转阴,3C～-3C,北风 3-4级转3-4级
杭州,2018-1-31,阴转多云,2C～-3C,北风转西北风 3-4级转3-4级
杭州,2018-2-1,晴转多云,5C～-2C,北风 3-4级
杭州,2018-2-2,多云,6C～0C,微风 4-5级
杭州,2018-2-3,多云转晴,3C～-2C,北风转微风 3-4级转3-4级
杭州,2018-2-4,晴,4C～-4C,北风转微风 3-4级转3-4级
杭州,2018-2-5,晴, 6C ～ -4C ,西北风 微风
杭州,2018-2-6,晴转多云, 6C ～ -3C ,北风 微风
杭州,2018-2-7,晴转多云, 9C ～ -1C ,东南风 微风
杭州,2018-2-8,晴转多云, 7C ～ 0C ,北风 微风
杭州,2018-2-9,多云, 9C ～ 0C ,东北风 微风
杭州,2018-2-10,阴,6C～1C,北风转微风 3-4级
杭州,2018-2-11,晴,9C～-2C,西北风 3-4级
杭州,2018-2-12,晴,11C～1C,西北风转南风 4-5级转4-5级
杭州,2018-2-13,晴,14C～2C,东南风 3-4级转3-4级
杭州,2018-2-15,阴转小雨,11C～7C,东北风 3-4级
杭州,2018-2-16,阴转多云,10C～5C,北风转东北风 3-4级转3-4级
杭州,2018-2-17,多云,12C～5C,东风 3-4级
杭州,2018-2-18,阴转小雨,12C～6C,东风转微风 3-4级转3-4级
杭州,2018-2-19,小雨,11C～7C,微风转东北风 3-4级
杭州,2018-2-20,小雨,10C～5C,东北风 3-4级
杭州,2018-2-21,阴转小雨,9C～4C,东北风 3-4级转3-4级
杭州,2018-2-23,晴转多云,16C～3C,东南风 3-4级转3-4级
杭州,2018-2-27,雾转阵雨,18C～12C,东南风转南风 3-4级
杭州,2018-2-28,阴转晴,17C～7C,西北风转西风 4-5级转4-5级
杭州,2018-3-1,晴转阵雨,18C～8C,东北风 4-5级
杭州,2018-3-2,阴转阵雨,12C～7C,东风转南风 4-5级转4-5级
杭州,2018-3-3,阴,23C～9C,南风 3-4级
杭州,2018-3-4,多云转中雨,28C～10C,南风转北风 3-4级转3-4级
杭州,2018-3-5,小雨转多云,14C～8C,北风转东北风 4-5级转4-5级
杭州,2018-3-6,阴转阵雨,12C～8C,东北风 3-4级
杭州,2018-3-7,阵雨,11C～6C,东北风 3-4级转3-4级
杭州,2018-3-8,阴转多云,11C～1C,北风转微风 4-5级转4-5级
杭州,2018-3-9,多云转晴,14C～3C,西北风 3-4级转3-4级
杭州,2018-3-11,多云,21C～8C,东南风转南风 3-4级转3-4级
杭州,2018-3-14,阴转阵雨,25C～15C,东南风转南风 3-4级转3-4级
杭州,2018-3-15,小雨,22C～12C,北风 3-4级
杭州,2018-3-16,阴,11C～5C,东北风转东风 4-5级转4-5级
杭州,2018-3-17,多云转阴,16C～10C,东风 3-4级
杭州,2018-3-18,雨,15C～3C,东北风转北风 3-4级转3-4级
杭州,2018-3-19,阴转小到中雨,11C～7C,北风转微风 3-4级
杭州,2018-3-20,阴转小雨,10C～5C,北风转西北风 4-5级
杭州,2018-3-21,阴转晴,10C～4C,西北风 4-5级转4-5级
杭州,2018-3-23,晴,17C～4C,西北风 3-4级转3-4级
杭州,2018-3-24,雨,10C～5C,东北风 3-4级转3-4级
杭州,2018-3-28,多云转阴,22C～9C,西北风转东北风 3-4级转3-4级
杭州,2018-3-29,阴转多云,28C～15C,东风 3-4级
杭州,2018-3-30,阴转多云,24C～14C,东风 3-4级
杭州,2018-3-31,晴,25C～13C,东南风转南风 3-4级转3-4级
杭州,2018-4-1,多云,29C～17C,南风 3-4级
杭州,2018-4-2,阴转阵雨,28C～18C,南风 3-4级转3-4级
杭州,2018-4-3,阵雨转阴,26C～18C,南风 3-4级转3-4级
杭州,2018-4-4,阴,22C～13C,北风转东北风 3-4级转3-4级
杭州,2018-4-5,阴转中雨,15C～8C,北风转微风 3-4级转3-4级
杭州,2018-4-6,阴转多云,16C～6C,西北风转微风 4-5级
杭州,2018-4-7,晴,17C～7C,北风转西南风 3-4级
杭州,2018-4-8,晴,23C～10C,西南风转南风 3-4级转3-4级
杭州,2018-4-9,晴,28C～14C,南风 3-4级
杭州,2018-4-10,晴,31C～17C,南风 3-4级
杭州,2018-4-11,阴转阵雨,28C～17C,东北风 3-4级
杭州,2018-4-12,阴转阵雨,23C～17C,东风 3-4级
杭州,2018-4-13,阵雨转中雨,22C～15C,东风转南风 3-4级转3-4级
杭州,2018-4-14,阴转小雨,16C～11C,北风转微风 3-4级转3-4级
杭州,2018-4-15,多云,20C～11C,北风转东风 3-4级转3-4级
杭州,2018-4-16,多云,22C～10C,东南风 3-4级转3-4级
杭州,2018-4-18,晴,26C～13C,南风转东南风 3-4级
杭州,2018-4-19,晴,30C～15C,东风转东南风 3-4级
杭州,2018-4-20,阴转多云,30C～18C,南风转东南风 3-4级
杭州,2018-4-21,阴,29C～20C,西南风转东南风 3-4级
杭州,2018-4-22,阵雨转中雨,30C～21C,南风 3-4级转3-4级
杭州,2018-4-23,小雨转中雨,22C～14C,北风 3-4级转3-4级
杭州,2018-4-24,阴转晴,18C～12C,北风转微风 3-4级
杭州,2018-4-25,晴转多云,23C～13C,北风转东风 3-4级转3-4级
杭州,2018-4-26,多云转阴,26C～13C,东北风转北风 3-4级转3-4级
杭州,2018-4-27,多云转晴,28C～16C,北风转东北风 3-4级转3-4级
杭州,2018-4-28,多云转阴,29C～17C,西南风转东南风 3-4级转3-4级
杭州,2018-4-29,阵雨,25C～20C,南风转西南风 3-4级
杭州,2018-4-30,阴转多云,30C～22C,西南风 3-4级
杭州,2018-5-1,阴转雷阵雨,30C～20C,北风转西南风 3-4级转3-4级
杭州,2018-5-2,阴转多云,27C～16C,北风 3-4级转3-4级
杭州,2018-5-3,阴转晴,27C～14C,西南风转东北风 3-4级转3-4级
杭州,2018-5-5,阴,18C～16C,南风 3-4级
杭州,2018-5-6,阴转阵雨,29C～18C,西南风 3-4级
杭州,2018-5-7,阴,21C～15C,北风转微风 3-4级转3-4级
杭州,2018-5-8,多云,25C～15C,东北风 3-4级
杭州,2018-5-9,多云转晴,24C～14C,东风 3-4级
杭州,2018-5-10,阴转多云,24C～15C,东南风 3-4级转3-4级
杭州,2018-5-11,多云,28C～19C,东南风 3-4级转3-4级
杭州,2018-5-12,阴转阵雨,28C～21C,西南风转西风 3-4级转3-4级
杭州,2018-5-13,雨转晴,26C～16C,西风 3-4级转3-4级
杭州,2018-5-14,多云,35C～24C,西南风转南风 3-4级
杭州,2018-5-15,多云转晴,36C～26C,西南风转南风 3-4级
杭州,2018-5-16,多云,37C～26C,西南风 3-4级
杭州,2018-5-17,多云,35C～25C,西南风 3-4级转3-4级
杭州,2018-5-18,多云转阵雨,36C～22C,西北风转东北风 3-4级
杭州,2018-5-19,阴转阵雨,24C～20C,东风 3-4级
杭州,2018-5-20,阴转小雨,21C～19C,东北风转东风 3-4级
杭州,2018-5-21,小雨转阴,24C～20C,东风转南风 3-4级转3-4级
杭州,2018-5-22,阴,29C～18C,北风转微风 3-4级
杭州,2018-5-23,多云,26C～18C,东风转微风 3-4级转3-4级
杭州,2018-5-24,雨转阴,22C～17C,东风转东北风 3-4级转3-4级
杭州,2018-5-25,雨转阴,26C～15C,北风转东风 3-4级转3-4级
杭州,2018-5-26,阵雨,27C～21C,北风 3-4级转3-4级
杭州,2018-5-27,雨,30C～19C,东风转西北风 3-4级转3-4级
杭州,2018-5-28,多云,28C～22C,西南风转东南风 3-4级转3-4级
杭州,2018-5-29,多云,26C～14C,北风 3-4级转3-4级
杭州,2018-5-30,阴转大雨,29C～19C,北风转东北风 3-4级
杭州,2018-5-31,阴,19C～16C,东北风 3-4级
杭州,2018-6-1,多云,27C～17C,东风 3-4级
杭州,2018-6-2,多云转阵雨,27C～19C,东风转东南风 3-4级转3-4级
杭州,2018-6-3,阴转多云,25C～18C,东南风转东北风 3-4级转3-4级
杭州,2018-6-4,阴转阵雨,29C～20C,西南风转南风 3-4级转3-4级
杭州,2018-6-5,阴转阵雨,23C～19C,西南风转东南风 3-4级
杭州,2018-6-6,阴转多云,30℃～21℃,东风 3-4级转3-4级
杭州,2018-6-7,阴转阵雨,31℃～22℃,东风 3-4级转3-4级
杭州,2018-6-8,阴,29℃～23℃,东北风转东南风 3-4级转3-4级
杭州,2018-6-9,阴转阵雨,28℃～20℃,东风转微风 <3级转<3级
杭州,2018-6-10,阴转多云,24℃～19℃,西北风 <3级转<3级
杭州,2018-6-11,晴,31℃～21℃,西南风 3-4级转3-4级
杭州,2018-6-12,阴转多云,31℃～21℃,西南风转东南风 3-4级转3-4级
杭州,2018-6-13,阴转多云,34℃～22℃,西南风转东南风 3-4级
杭州,2018-6-14,多云转晴,33℃～22℃,东风 3-4级转3-4级
杭州,2018-6-15,多云,31℃～21℃,东风 3-4级
杭州,2018-6-16,多云,29℃～21℃,东风 3-4级
杭州,2018-6-17,阴转多云,32℃～22℃,南风转东风 3-4级
杭州,2018-6-18,阴转多云,34℃～24℃,东风转微风 3-4级转3-4级
杭州,2018-6-19,阴转中雨,33℃～25℃,西南风转东北风 3-4级
杭州,2018-6-20,小雨转阵雨,23℃～20℃,东北风转东风 3-4级
杭州,2018-6-21,阴转阵雨,29℃～21℃,东风 3-4级
杭州,2018-6-22,阴转中雨,22℃～19℃,东北风转东风 3-4级转3-4级
杭州,2018-6-23,小雨转阵雨,22℃～21℃,东北风转东风 3-4级转3-4级
杭州,2018-6-24,阴转多云,29℃～24℃,东风 <3级
杭州,2018-6-25,多云转晴,35℃～25℃,南风 <3级转<3级
杭州,2018-6-26,多云转晴,37℃～27℃,西南风 3-4级
杭州,2018-6-27,阴转晴,36℃～27℃,西南风 3-4级转3-4级
杭州,2018-6-28,阴转大雨,34℃～25℃,西南风 3-4级
杭州,2018-6-29,阴转阵雨,33℃～25℃,东风转南风 3-4级转3-4级
杭州,2018-6-30,阵雨,31℃～24℃,南风 <3级
杭州,2018-7-1,阴,26℃～24℃,西南风转东南风 <3级
杭州,2018-7-2,雷阵雨转阵雨,32℃～25℃,东风 <3级
杭州,2018-7-3,阴转多云,32℃～25℃,西南风 <3级
杭州,2018-7-4,阴转多云,32℃～26℃,西风转南风 3-4级转3-4级
杭州,2018-7-5,阴转阵雨,31℃～27℃,东风转西南风 <3级
杭州,2018-7-6,阴转阵雨,34℃～26℃,西北风转东风 3-4级
杭州,2018-7-7,多云,33℃～25℃,东风转南风 3-4级转3-4级
杭州,2018-7-8,多云,36℃～27℃,西南风转南风 <3级转<3级
杭州,2018-7-9,多云,36℃～27℃,东南风 3-4级转3-4级
杭州,2018-7-10,晴转多云,36℃～26℃,东南风 <3级转<3级
杭州,2018-7-11,阴转多云,32℃～25℃,东风转东南风 3-4级转3-4级
杭州,2018-7-12,多云转晴,34℃～26℃,南风转东南风 3-4级
杭州,2018-7-13,多云转晴,35℃～26℃,西南风转东南风 3-4级
杭州,2018-7-14,晴,35℃～27℃,南风转东南风 3-4级
杭州,2018-7-15,晴,36℃～27℃,东南风 <3级
杭州,2018-7-16,晴,35℃～27℃,南风转东南风 3-4级转3-4级
杭州,2018-7-17,多云,36℃～27℃,南风转东南风 3-4级转3-4级
杭州,2018-7-18,多云转晴,36℃～27℃,南风转东南风 3-4级转3-4级
杭州,2018-7-19,晴转多云,36℃～27℃,东南风 <3级
杭州,2018-7-20,晴转多云,36℃～27℃,东风 3-4级
杭州,2018-7-21,阴转中雨,34℃～26℃,东风转东北风 3-4级转3-4级
杭州,2018-7-22,小雨转阵雨,29℃～26℃,西风转南风 3-4级转3-4级
杭州,2018-7-23,晴转多云,36℃～27℃,东风转南风 3-4级转3-4级
杭州,2018-7-24,阴转多云,35℃～27℃,西南风转南风 3-4级转3-4级
杭州,2018-7-25,阴转晴,38℃～27℃,西南风转南风 3-4级转3-4级
杭州,2018-7-26,阴转雷阵雨,38℃～27℃,西北风转南风 4-5级转4-5级
杭州,2018-7-27,多云,36℃～26℃,东风转东南风 <3级
杭州,2018-7-28,晴转多云,37℃～27℃,东风转东北风 <3级
杭州,2018-7-29,晴转多云,37℃～27℃,东北风 <3级
杭州,2018-7-30,多云,36℃～27℃,北风 <3级
杭州,2018-7-31,阴转多云,35℃～26℃,东北风 3-4级转3-4级
杭州,2018-8-1,阴转多云,34℃～26℃,西风转微风 <3级
杭州,2018-8-2,阴转大雨,34℃～25℃,北风转东北风 3-4级转3-4级
杭州,2018-8-3,阴转多云,30℃～26℃,西南风 3-4级
杭州,2018-8-4,阴转多云,36℃～26℃,西风转东南风 3-4级转3-4级
杭州,2018-8-5,晴,36℃～26℃,南风转东南风 <3级
杭州,2018-8-6,晴,37℃～27℃,东南风 <3级
杭州,2018-8-7,多云转晴,36℃～26℃,东风 3-4级转3-4级
杭州,2018-8-8,晴,35℃～26℃,东风 3-4级转3-4级
杭州,2018-8-9,多云,35℃～27℃,东风 3-4级转3-4级
杭州,2018-8-10,晴,36℃～27℃,东风 3-4级转3-4级
杭州,2018-8-11,多云,35℃～26℃,东风转东北风 3-4级
杭州,2018-8-12,阴转大到暴雨,29℃～26℃,东北风转东南风 3-4级转3-4级
杭州,2018-8-13,阴转多云,35℃～26℃,南风转东风 3-4级
杭州,2018-8-14,多云,35℃～26℃,东风 3-4级转3-4级
杭州,2018-8-15,阴转多云,34℃～25℃,东北风转东风 3-4级转3-4级
杭州,2018-8-16,阴转大到暴雨,33℃～25℃,东北风转西北风 4-5级转4-5级
杭州,2018-8-17,阴,31℃～26℃,西南风转东南风 3-4级
杭州,2018-8-18,阴转多云,35℃～26℃,东南风 3-4级转3-4级
杭州,2018-8-19,多云,36℃～26℃,东南风 3-4级转3-4级
杭州,2018-8-20,阴转阵雨,36℃～26℃,东南风转东北风 3-4级
杭州,2018-8-21,阴转多云,32℃～26℃,北风转微风 3-4级
杭州,2018-8-22,阴转多云,32℃～26℃,东北风转微风 3-4级转3-4级
杭州,2018-8-23,多云,33℃～26℃,西北风转北风 3-4级
杭州,2018-8-24,多云转阵雨,32℃～24℃,东北风转东风 3-4级转3-4级
杭州,2018-8-25,阴转中雨,25℃～24℃,北风转东风 3-4级
杭州,2018-8-26,阴,29℃～26℃,北风转东风 3-4级
杭州,2018-8-27,阴转多云,33℃～26℃,东北风转东南风 3-4级
杭州,2018-8-28,多云,35℃～26℃,南风转东南风 3-4级
杭州,2018-8-29,多云,34℃～26℃,南风转东南风 3-4级
杭州,2018-8-30,多云,34℃～26℃,南风转西南风 3-4级转3-4级
杭州,2018-8-31,阴转多云,34℃～26℃,西南风 3-4级转3-4级
杭州,2018-9-1,多云,34℃～26℃,西南风 3-4级转3-4级
杭州,2018-9-2,多云,35℃～26℃,北风转西南风 3-4级转3-4级
杭州,2018-9-3,多云,34℃～25℃,西北风 3-4级转3-4级
杭州,2018-9-4,多云转晴,34℃～23℃,北风转微风 3-4级转3-4级
杭州,2018-9-5,多云,34℃～23℃,西南风转东北风 <3级
杭州,2018-9-6,多云转中雨,34℃～23℃,西南风转微风 3-4级转3-4级
杭州,2018-9-7,阴转小雨,23℃～21℃,西北风转微风 <3级转<3级
杭州,2018-9-8,阴,22℃～19℃,北风转东北风 3-4级转3-4级
杭州,2018-9-9,多云,28℃～19℃,北风转东北风 3-4级
杭州,2018-9-10,阴,28℃～21℃,东北风转东风 3-4级
杭州,2018-9-11,阵雨转阴,28℃～23℃,东风 3-4级
杭州,2018-9-12,阴,26℃～22℃,北风转东北风 3-4级转3-4级
杭州,2018-9-13,多云,28℃～23℃,东北风 <3级
杭州,2018-9-14,多云,33℃～25℃,东南风转东北风 <3级
杭州,2018-9-15,多云,32℃～24℃,东风 3-4级
杭州,2018-9-16,阴转多云,31℃～25℃,东南风转东风 3-4级转3-4级
杭州,2018-9-17,阴转阵雨,27℃～24℃,东风转东北风 3-4级转3-4级
杭州,2018-9-18,阴转多云,32℃～25℃,南风转东南风 <3级
杭州,2018-9-19,阴转多云,34℃～25℃,南风转西风 3-4级转3-4级
杭州,2018-9-20,阴转雷阵雨,35℃～23℃,东北风转西北风 3-4级转3-4级
杭州,2018-9-21,阴转阵雨,25℃～21℃,北风转微风 3-4级转3-4级
杭州,2018-9-22,阴,24℃～22℃,东北风转微风 3-4级转3-4级
杭州,2018-9-23,阴,28℃～20℃,东北风 3-4级
杭州,2018-9-24,多云,28℃～19℃,东北风 3-4级
杭州,2018-9-25,多云,26℃～20℃,东风转东北风 3-4级
杭州,2018-9-26,多云,25℃～19℃,东北风转微风 3-4级
杭州,2018-9-27,阴转多云,25℃～18℃,北风转东北风 3-4级转3-4级
杭州,2018-9-28,多云,27℃～19℃,东北风转微风 3-4级
杭州,2018-9-29,多云,27℃～18℃,北风转西北风 4-5级转4-5级
杭州,2018-9-30,晴,29℃～17℃,西北风 3-4级
杭州,2018-10-1,晴,26℃～16℃,北风转微风 3-4级转3-4级
杭州,2018-10-2,多云转晴,25℃～16℃,南风转微风 3-4级转3-4级
杭州,2018-10-3,多云转晴,25℃～16℃,东风转东北风 3-4级转3-4级
杭州,2018-10-4,多云转阴,25℃～18℃,东北风 3-4级转3-4级
杭州,2018-10-5,阴转多云,26℃～16℃,西北风转东北风 3-4级转3-4级
杭州,2018-10-6,晴,28℃～16℃,北风转东北风 3-4级
杭州,2018-10-7,多云转晴,26℃～17℃,东风 3-4级转3-4级
杭州,2018-10-8,多云转小雨,26℃～17℃,东风 3-4级转3-4级
杭州,2018-10-9,阴转小雨,24℃～16℃,西北风转微风 <3级转<3级
杭州,2018-10-10,阴转多云,17℃～12℃,北风转微风 3-4级转3-4级
杭州,2018-10-11,多云转晴,21℃～11℃,东风 3-4级
杭州,2018-10-12,阴转多云,18℃～13℃,西北风转东北风 <3级
杭州,2018-10-13,多云,23℃～15℃,东风转东北风 3-4级转3-4级
杭州,2018-10-14,小雨,20℃～15℃,东南风转东北风 <3级转<3级
杭州,2018-10-15,阴转小雨,19℃～15℃,东风转微风 3-4级转3-4级
杭州,2018-10-16,阴转多云,17℃～13℃,北风 3-4级转3-4级
杭州,2018-10-17,阴转多云,22℃～13℃,东北风 <3级
杭州,2018-10-18,多云,20℃～11℃,东北风 3-4级转3-4级
杭州,2018-10-19,多云,20℃～12℃,东风 3-4级转3-4级
杭州,2018-10-20,阴转小雨,19℃～14℃,东风 <3级
杭州,2018-10-21,小雨,21℃～17℃,东北风转东风 <3级
杭州,2018-10-22,阴,20℃～15℃,西北风转东北风 <3级
杭州,2018-10-23,阴转多云,22℃～15℃,东北风转东风 3-4级转3-4级
杭州,2018-10-24,多云转阴,23℃～15℃,南风转东南风 <3级
杭州,2018-10-25,阴转小雨,22℃～16℃,西南风转西北风 <3级转<3级
杭州,2018-10-26,阴转多云,24℃～11℃,西北风转微风 3-4级转3-4级
杭州,2018-10-27,晴,22℃～8℃,西南风转西北风 3-4级
杭州,2018-10-28,晴,24℃～11℃,南风转西风 3-4级转3-4级
杭州,2018-10-29,晴,27℃～13℃,西南风转西北风 3-4级转3-4级
杭州,2018-10-30,多云转晴,24℃～13℃,西南风转东北风 <3级
杭州,2018-10-31,多云,21℃～11℃,东北风 3-4级转3-4级
杭州,2018-11-1,多云,18℃～12℃,东风转东北风 3-4级转3-4级
杭州,2018-11-2,多云转小雨,18℃～14℃,东风转东北风 3-4级转3-4级
杭州,2018-11-3,中雨转阴,15℃～14℃,西北风转东风 <3级
杭州,2018-11-4,阴,22℃～16℃,东风 <3级
杭州,2018-11-5,阴转小雨,22℃～17℃,北风转东北风 <3级
杭州,2018-11-6,阵雨转小雨,21℃～17℃,东北风 <3级
杭州,2018-11-7,小雨,16℃～12℃,北风转微风 3-4级
杭州,2018-11-8,小雨转多云,14℃～8℃,北风转微风 3-4级转3-4级
杭州,2018-11-9,晴转多云,18℃～9℃,西南风转东风 <3级
杭州,2018-11-10,多云转小雨,19℃～14℃,东北风转微风 3-4级
杭州,2018-11-11,阴转小雨,19℃～14℃,北风转微风 3-4级
杭州,2018-11-12,小雨转阴,14℃～11℃,北风转微风 3-4级转3-4级
杭州,2018-11-13,多云,17℃～10℃,东北风转东风 3-4级转3-4级
杭州,2018-11-14,阴转阵雨,17℃～12℃,东风 3-4级转3-4级
杭州,2018-11-15,阴转小雨,16℃～13℃,东风转微风 <3级转<3级
杭州,2018-11-16,阴转小雨,14℃～11℃,北风转东北风 3-4级
杭州,2018-11-17,阴转小雨,13℃～10℃,北风转东北风 3-4级转3-4级
杭州,2018-11-18,中雨转小雨,11℃～9℃,北风转微风 3-4级转3-4级
杭州,2018-11-19,阴转多云,11℃～8℃,北风转东风 <3级
杭州,2018-11-20,阴转小到中雨,16℃～12℃,东风 <3级
杭州,2018-11-21,阴转多云,16℃～8℃,北风转微风 3-4级转3-4级
杭州,2018-11-22,晴转多云,15℃～7℃,北风转东风 3-4级转3-4级
杭州,2018-11-23,多云转晴,17℃～8℃,南风 <3级
杭州,2018-11-24,多云,20℃～11℃,西南风转微风 3-4级转3-4级
杭州,2018-11-25,阴转多云,17℃～11℃,西南风转北风 <3级
杭州,2018-11-26,阴转多云,18℃～10℃,西北风转北风 <3级
杭州,2018-11-27,雾转阴,19℃～10℃,西南风转微风 3-4级转3-4级
杭州,2018-11-28,多云,17℃～9℃,西南风转东南风 <3级
杭州,2018-11-29,阴转晴,21℃～10℃,西南风转东风 3-4级转3-4级
杭州,2018-11-30,多云,18℃～10℃,东风转东南风 <3级
杭州,2018-12-1,多云,20℃～13℃,东北风转南风 <3级
杭州,2018-12-2,小雨转阵雨,16℃～13℃,西南风 <3级
杭州,2018-12-3,小雨转中雨,18℃～13℃,西北风转微风 3-4级转3-4级
杭州,2018-12-4,小雨,14℃～9℃,北风转东北风 3-4级
杭州,2018-12-5,小雨转中雨,10℃～9℃,东北风转微风 <3级转<3级
杭州,2018-12-6,中雨转小雨,10℃～5℃,北风 3-4级转3-4级
杭州,2018-12-7,小雨转雨夹雪,5℃～1℃,东北风转微风 3-4级转3-4级
杭州,2018-12-8,中雪,1℃～0℃,北风 3-4级
杭州,2018-12-9,雨夹雪转小雨,0℃～1℃,西北风转微风 <3级转<3级
杭州,2018-12-10,小雨转中雨,5℃～5℃,西南风转微风 <3级转<3级
杭州,2018-12-11,阴,6℃～2℃,西北风转北风 3-4级
杭州,2018-12-12,多云,6℃～2℃,北风转微风 3-4级转3-4级
杭州,2018-12-13,阴,6℃～1℃,东北风 <3级
杭州,2018-12-14,多云转阴,5℃～3℃,西北风转东风 <3级
杭州,2018-12-15,小雨,7℃～6℃,西北风 <3级转<3级
杭州,2018-12-16,多云转晴,12℃～3℃,西北风转西南风 3-4级转3-4级
杭州,2018-12-17,晴,14℃～3℃,西南风 3-4级转3-4级
杭州,2018-12-18,晴转多云,16℃～5℃,西南风转南风 3-4级转3-4级
杭州,2018-12-19,阴转小雨,13℃～8℃,西南风转东北风 3-4级转3-4级
杭州,2018-12-20,阴,10℃～7℃,西北风转微风 <3级
杭州,2018-12-21,阴转中雨,14℃～11℃,东北风 <3级
杭州,2018-12-22,小雨,12℃～9℃,北风转微风 3-4级
杭州,2018-12-23,阴转多云,12℃～5℃,北风转微风 3-4级
杭州,2018-12-24,多云转阴,12℃～6℃,东风 3-4级转3-4级
杭州,2018-12-25,阴转小雨,11℃～8℃,东南风转东风 <3级转<3级
杭州,2018-12-26,小雨,9℃～5℃,东北风转微风 3-4级转3-4级
杭州,2018-12-27,阴,6℃～2℃,东北风转微风 3-4级转3-4级
杭州,2018-12-28,阴,3℃～-1℃,北风 3-4级转3-4级
杭州,2018-12-29,多云转阴,3℃～-1℃,北风转微风 3-4级
杭州,2018-12-30,雨夹雪转小到中雪,2℃～0℃,北风转微风 3-4级
杭州,2018-12-31,雨夹雪转阴,1℃～0℃,北风转微风 3-4级转3-4级
杭州,2019-1-1,阴转多云,3℃～1℃,北风转微风 3-4级转3-4级
杭州,2019-1-2,雨夹雪转阴,3℃～2℃,东北风转微风 <3级
杭州,2019-1-3,雨夹雪转小雨,5℃～4℃,东风转微风 <3级
杭州,2019-1-4,中雨转小雨,8℃～5℃,北风转微风 <3级转<3级
杭州,2019-1-5,阴转小雨,7℃～5℃,北风转微风 3-4级转3-4级
杭州,2019-1-6,多云,7℃～3℃,北风转微风 3-4级转3-4级
杭州,2019-1-7,小雨,6℃～5℃,东北风转微风 <3级
杭州,2019-1-8,阴转小雨,6℃～4℃,北风转东北风 3-4级转3-4级
杭州,2019-1-9,小雨,4℃～4℃,东北风转微风 <3级
杭州,2019-1-10,小雨,7℃～5℃,西北风转微风 <3级
杭州,2019-1-11,小雨,7℃～5℃,西北风转微风 3-4级转3-4级
杭州,2019-1-12,阴转多云,7℃～3℃,北风转微风 3-4级转3-4级
杭州,2019-1-13,多云,7℃～3℃,东北风转微风 <3级
杭州,2019-1-14,阴转小雨,7℃～4℃,东风转微风 <3级
杭州,2019-1-15,小雨转雨夹雪,6℃～2℃,北风转微风 3-4级转3-4级
杭州,2019-1-16,阴转多云,4℃～1℃,东北风转微风 3-4级转3-4级
杭州,2019-1-17,晴,10℃～1℃,西南风转东北风 3-4级转3-4级
杭州,2019-1-18,雾转晴,13℃～3℃,西南风转微风 3-4级转3-4级
杭州,2019-1-19,多云转小雨,10℃～6℃,南风转微风 <3级
杭州,2019-1-20,多云转晴,9℃～1℃,北风转微风 3-4级转3-4级
杭州,2019-1-21,多云转晴,8℃～0℃,东北风转微风 <3级
杭州,2019-1-22,晴,13℃～1℃,西南风转微风 3-4级转3-4级
杭州,2019-1-23,晴,14℃～2℃,南风转微风 3-4级转3-4级
杭州,2019-1-24,晴,14℃～1℃,西南风转东北风 <3级
杭州,2019-1-25,多云,11℃～2℃,东北风转微风 3-4级转3-4级
杭州,2019-1-26,晴,7℃～1℃,东北风转微风 3-4级转3-4级
杭州,2019-1-27,晴转多云,11℃～2℃,东南风转微风 <3级
杭州,2019-1-28,阴,10℃～6℃,东北风转微风 3-4级转3-4级
杭州,2019-1-29,阴转多云,10℃～5℃,东北风转微风 <3级
杭州,2019-1-30,多云转小雨,17℃～5℃,微风转西南风 <3级
杭州,2019-1-31,小雨转多云,7℃～1℃,西南风转微风 <3级
杭州,2019-2-1,多云转晴,8℃～2℃,西北风转东北风 3-4级转3-4级
杭州,2019-2-2,多云转小雨,18℃～11℃,南风转西南风 3-4级转3-4级
杭州,2019-2-3,小雨转多云,12℃～4℃,北风转微风 4-5级转4-5级
杭州,2019-2-4,多云转小雨,10℃～6℃,东北风 3-4级转3-4级
杭州,2019-2-5,阴转多云,11℃～7℃,西南风 <3级
杭州,2019-2-6,雾转小雨,20℃～10℃,西南风转微风 3-4级转3-4级
杭州,2019-2-7,小雨,11℃～3℃,北风转东北风 4-5级转4-5级
杭州,2019-2-8,阴转雨夹雪,3℃～1℃,东北风 3-4级转3-4级
杭州,2019-2-9,雨夹雪,3℃～2℃,东北风 3-4级转3-4级
杭州,2019-2-10,阴转小雨,2℃～1℃,东北风转微风 3-4级转3-4级
杭州,2019-2-11,多云转小雨,3℃～3℃,东北风转微风 3-4级转3-4级
杭州,2019-2-12,阴转小雨,4℃～4℃,北风转微风 <3级
杭州,2019-2-13,阴转中雨,6℃～5℃,北风转东北风 3-4级转3-4级
杭州,2019-2-14,阴转小雨,6℃～5℃,东北风转微风 3-4级转3-4级
杭州,2019-2-15,阴转小雨,6℃～3℃,北风转东北风 3-4级
杭州,2019-2-16,雨夹雪,4℃～1℃,东北风 3-4级转3-4级
杭州,2019-2-17,阴转小雨,4℃～4℃,东北风 3-4级
杭州,2019-2-18,阴转小雨,6℃～5℃,东风转西南风 3-4级
杭州,2019-2-19,阴转中雨,7℃～5℃,北风转东北风 3-4级
杭州,2019-2-20,阴转小雨,5℃～5℃,东北风 3-4级转3-4级
杭州,2019-2-21,阴转小雨,6℃～5℃,东北风转微风 3-4级转3-4级
杭州,2019-2-22,阴转多云,6℃～2℃,北风转微风 3-4级转3-4级
杭州,2019-2-23,小雨转多云,8℃～3℃,微风 <3级
杭州,2019-2-24,多云,12℃～5℃,东风转微风 3-4级转3-4级
杭州,2019-2-25,小雨转多云,11℃～5℃,微风转东北风 <3级
杭州,2019-2-26,阴转中雨,11℃～7℃,东风转东北风 3-4级
杭州,2019-2-27,阴,8℃～7℃,北风转微风 3-4级转3-4级
杭州,2019-2-28,阴转多云,10℃～5℃,东北风 <3级
